{"type":"FeatureCollection","features":[{"type":"Feature","properties":{"name":"Leverburgh, United Kingdom"},"geometry":{"type":"Point","coordinates":[-7.0084,57.7694]}},{"type":"Feature","properties":{"name":"Ratmalana, Sri Lanka"},"geometry":{"type":"Point","coordinates":[79.8893,6.8204]}},{"type":"Feature","properties":{"name":"Mataram, Indonesia"},"geometry":{"type":"Point","coordinates":[116.0815,-8.5864]}},{"type":"Feature","properties":{"name":"Beculuk, Indonesia"},"geometry":{"type":"Point","coordinates":[114.0971,-8.6156]}},{"type":"Feature","properties":{"name":"Toweli, Indonesia"},"geometry":{"type":"Point","coordinates":[119.3884,-1.1425]}},{"type":"Feature","properties":{"name":"Sangata, Indonesia"},"geometry":{"type":"Point","coordinates":[117.551,0.3269]}},{"type":"Feature","properties":{"name":"Pankalan, Indonesia"},"geometry":{"type":"Point","coordinates":[111.7529,-2.8497]}},{"type":"Feature","properties":{"name":"Ketapang, Indonesia"},"geometry":{"type":"Point","coordinates":[109.9719,-1.8591]}},{"type":"Feature","properties":{"name":"Banjarmasin, Indonesia"},"geometry":{"type":"Point","coordinates":[114.604,-3.328]}},{"type":"Feature","properties":{"name":"Pontianak, Indonesia"},"geometry":{"type":"Point","coordinates":[109.3356,-0.0274]}},{"type":"Feature","properties":{"name":"Klagshamn, Sweden"},"geometry":{"type":"Point","coordinates":[12.9167,55.5333]}},{"type":"Feature","properties":{"name":"Brondby, Denmark"},"geometry":{"type":"Point","coordinates":[12.4149,55.6472]}},{"type":"Feature","properties":{"name":"Nybor, Denmark"},"geometry":{"type":"Point","coordinates":[10.7995,55.3241]}},{"type":"Feature","properties":{"name":"Korsor, Denmark"},"geometry":{"type":"Point","coordinates":[11.1494,55.3258]}},{"type":"Feature","properties":{"name":"Rostock, Germany"},"geometry":{"type":"Point","coordinates":[12.1324,54.0789]}},{"type":"Feature","properties":{"name":"Markgrafenheide, Germany"},"geometry":{"type":"Point","coordinates":[12.1495,54.1914]}},{"type":"Feature","properties":{"name":"Osterby, Denmark"},"geometry":{"type":"Point","coordinates":[11.1993,57.3135]}},{"type":"Feature","properties":{"name":"Kristinelund, Sweden"},"geometry":{"type":"Point","coordinates":[12.5886,56.1347]}},{"type":"Feature","properties":{"name":"Tinian, Northern Mariana Islands"},"geometry":{"type":"Point","coordinates":[145.6375,15.0111]}},{"type":"Feature","properties":{"name":"Saipan, Northern Mariana Islands"},"geometry":{"type":"Point","coordinates":[145.7509,15.1777]}},{"type":"Feature","properties":{"name":"Rota, Northern Mariana Islands"},"geometry":{"type":"Point","coordinates":[145.2125,14.1518]}},{"type":"Feature","properties":{"name":"Vila Olga, Virgin Islands (U.S.)"},"geometry":{"type":"Point","coordinates":[-64.948,18.3357]}},{"type":"Feature","properties":{"name":"Banana Bay, Virgin Islands (U.S.)"},"geometry":{"type":"Point","coordinates":[-64.9438,18.3282]}},{"type":"Feature","properties":{"name":"Ende, Indonesia"},"geometry":{"type":"Point","coordinates":[121.6427,-8.8457]}},{"type":"Feature","properties":{"name":"Sumbawa Besar, Indonesia"},"geometry":{"type":"Point","coordinates":[118.0822,-8.8412]}},{"type":"Feature","properties":{"name":"Bima, Indonesia"},"geometry":{"type":"Point","coordinates":[118.7449,-8.4643]}},{"type":"Feature","properties":{"name":"Saraemee, Indonesia"},"geometry":{"type":"Point","coordinates":[118.7118,-8.7969]}},{"type":"Feature","properties":{"name":"Waingapu, Indonesia"},"geometry":{"type":"Point","coordinates":[120.253,-9.6462]}},{"type":"Feature","properties":{"name":"Kupang, Indonesia"},"geometry":{"type":"Point","coordinates":[123.5834,-10.1833]}},{"type":"Feature","properties":{"name":"Taytay, Philippines"},"geometry":{"type":"Point","coordinates":[119.5004,10.8196]}},{"type":"Feature","properties":{"name":"San Jose, Philippines"},"geometry":{"type":"Point","coordinates":[121.0501,12.3626]}},{"type":"Feature","properties":{"name":"Coron, Philippines"},"geometry":{"type":"Point","coordinates":[120.2007,12.005]}},{"type":"Feature","properties":{"name":"El-Quawef, Libya"},"geometry":{"type":"Point","coordinates":[25.0874,31.7608]}},{"type":"Feature","properties":{"name":"Faial, Portugal"},"geometry":{"type":"Point","coordinates":[-28.6476,38.5251]}},{"type":"Feature","properties":{"name":"Graciosa, Portugal"},"geometry":{"type":"Point","coordinates":[-27.9635,39.011]}},{"type":"Feature","properties":{"name":"Corvo, Portugal"},"geometry":{"type":"Point","coordinates":[-31.1105,39.6719]}},{"type":"Feature","properties":{"name":"Flores, Portugal"},"geometry":{"type":"Point","coordinates":[-31.1285,39.4622]}},{"type":"Feature","properties":{"name":"Piedra Santa, Spain"},"geometry":{"type":"Point","coordinates":[-15.4088,28.0406]}},{"type":"Feature","properties":{"name":"Las Caletillas, Spain"},"geometry":{"type":"Point","coordinates":[-16.3624,28.3773]}},{"type":"Feature","properties":{"name":"Sihanoukville, Cambodia"},"geometry":{"type":"Point","coordinates":[103.5066,10.63]}},{"type":"Feature","properties":{"name":"Kralendijk, Bonaire, Netherlands"},"geometry":{"type":"Point","coordinates":[-68.2767,12.1507]}},{"type":"Feature","properties":{"name":"North Salina, Bonaire, Sint Eustatius and Saba"},"geometry":{"type":"Point","coordinates":[-68.2841,12.1638]}},{"type":"Feature","properties":{"name":"Hithadhoo, Maldives"},"geometry":{"type":"Point","coordinates":[73.0892,-0.606]}},{"type":"Feature","properties":{"name":"Fuvahmulah, Maldives"},"geometry":{"type":"Point","coordinates":[73.4269,-0.2983]}},{"type":"Feature","properties":{"name":"Port Gentil, Gabon"},"geometry":{"type":"Point","coordinates":[8.7816,-0.721]}},{"type":"Feature","properties":{"name":"Lusk, Ireland"},"geometry":{"type":"Point","coordinates":[-6.1659,53.5263]}},{"type":"Feature","properties":{"name":"Tobruk, Libya"},"geometry":{"type":"Point","coordinates":[23.9603,32.0796]}},{"type":"Feature","properties":{"name":"Al Bayda, Libya"},"geometry":{"type":"Point","coordinates":[21.7417,32.8817]}},{"type":"Feature","properties":{"name":"Tolmeta, Libya"},"geometry":{"type":"Point","coordinates":[20.95,32.7167]}},{"type":"Feature","properties":{"name":"Benghazi, Libya"},"geometry":{"type":"Point","coordinates":[20.0668,32.1166]}},{"type":"Feature","properties":{"name":"Brega, Libya"},"geometry":{"type":"Point","coordinates":[19.5765,30.3781]}},{"type":"Feature","properties":{"name":"Ras Lanuf, Libya"},"geometry":{"type":"Point","coordinates":[18.4119,30.5867]}},{"type":"Feature","properties":{"name":"Sirte, Libya"},"geometry":{"type":"Point","coordinates":[16.5883,31.2053]}},{"type":"Feature","properties":{"name":"Misuratah, Libya"},"geometry":{"type":"Point","coordinates":[15.0948,32.3743]}},{"type":"Feature","properties":{"name":"Al Khums, Libya"},"geometry":{"type":"Point","coordinates":[14.2644,32.6497]}},{"type":"Feature","properties":{"name":"Zawia, Libya"},"geometry":{"type":"Point","coordinates":[12.5298,32.7747]}},{"type":"Feature","properties":{"name":"Zuwara, Libya"},"geometry":{"type":"Point","coordinates":[12.0834,32.9334]}},{"type":"Feature","properties":{"name":"Hermosa Beach, CA, United States"},"geometry":{"type":"Point","coordinates":[-118.3995,33.8622]}},{"type":"Feature","properties":{"name":"Sandy Point, VIC, Australia"},"geometry":{"type":"Point","coordinates":[146.1197,-38.8202]}},{"type":"Feature","properties":{"name":"Four Mile Bluff, TAS, Australia"},"geometry":{"type":"Point","coordinates":[146.8502,-41.0333]}},{"type":"Feature","properties":{"name":"McGaurans Beach, VIC, Australia"},"geometry":{"type":"Point","coordinates":[147.0713,-38.4436]}},{"type":"Feature","properties":{"name":"Stanley, TAS, Australia"},"geometry":{"type":"Point","coordinates":[145.2941,-40.7604]}},{"type":"Feature","properties":{"name":"Inverloch, VIC, Australia"},"geometry":{"type":"Point","coordinates":[145.7295,-38.6335]}},{"type":"Feature","properties":{"name":"Flamingo Bay, Virgin Islands (U.S.)"},"geometry":{"type":"Point","coordinates":[-64.9578,18.3128]}},{"type":"Feature","properties":{"name":"Tortola, Virgin Islands (U.K.)"},"geometry":{"type":"Point","coordinates":[-64.5972,18.4148]}},{"type":"Feature","properties":{"name":"Great Bay, Virgin Islands (U.S.)"},"geometry":{"type":"Point","coordinates":[-64.8432,18.3225]}},{"type":"Feature","properties":{"name":"Brewer's Bay, Virgin Islands (U.S.)"},"geometry":{"type":"Point","coordinates":[-64.9753,18.3424]}},{"type":"Feature","properties":{"name":"Frederiksted, Virgin Islands (U.S.)"},"geometry":{"type":"Point","coordinates":[-64.8815,17.7124]}},{"type":"Feature","properties":{"name":"Christiansted, Virgin Islands (U.S.)"},"geometry":{"type":"Point","coordinates":[-64.7032,17.7467]}},{"type":"Feature","properties":{"name":"Carrickfergus, United Kingdom"},"geometry":{"type":"Point","coordinates":[-5.8082,54.7137]}},{"type":"Feature","properties":{"name":"Saltcoats, United Kingdom"},"geometry":{"type":"Point","coordinates":[-4.7835,55.6376]}},{"type":"Feature","properties":{"name":"Douglas, Isle of Man"},"geometry":{"type":"Point","coordinates":[-4.4809,54.1503]}},{"type":"Feature","properties":{"name":"Silecroft Beach, United Kingdom"},"geometry":{"type":"Point","coordinates":[-3.3571,54.2106]}},{"type":"Feature","properties":{"name":"Groudle Bay, Isle of Man"},"geometry":{"type":"Point","coordinates":[-4.4239,54.167]}},{"type":"Feature","properties":{"name":"Peel, Isle of Man"},"geometry":{"type":"Point","coordinates":[-4.6914,54.2224]}},{"type":"Feature","properties":{"name":"Ballywater, United Kingdom"},"geometry":{"type":"Point","coordinates":[-5.4844,54.5427]}},{"type":"Feature","properties":{"name":"Port Grenaugh, Isle of Man"},"geometry":{"type":"Point","coordinates":[-4.5667,54.1]}},{"type":"Feature","properties":{"name":"Hulhumale, Maldives"},"geometry":{"type":"Point","coordinates":[73.5402,4.2119]}},{"type":"Feature","properties":{"name":"Kulhudhufushi, Maldives"},"geometry":{"type":"Point","coordinates":[73.0714,6.6224]}},{"type":"Feature","properties":{"name":"Eydhafushi, Maldives"},"geometry":{"type":"Point","coordinates":[73.0708,5.1032]}},{"type":"Feature","properties":{"name":"Dhangethi, Maldives"},"geometry":{"type":"Point","coordinates":[72.9556,3.6081]}},{"type":"Feature","properties":{"name":"Gan, Maldives"},"geometry":{"type":"Point","coordinates":[73.5447,1.9184]}},{"type":"Feature","properties":{"name":"Gahdhoo, Maldives"},"geometry":{"type":"Point","coordinates":[73.4555,0.2888]}},{"type":"Feature","properties":{"name":"Diego Garcia, British Indian Ocean Territory"},"geometry":{"type":"Point","coordinates":[72.4167,-7.3333]}},{"type":"Feature","properties":{"name":"Cherating, Malaysia"},"geometry":{"type":"Point","coordinates":[103.3937,4.1302]}},{"type":"Feature","properties":{"name":"Davao, Philippines"},"geometry":{"type":"Point","coordinates":[125.6128,7.08]}},{"type":"Feature","properties":{"name":"Ilyich, Russia"},"geometry":{"type":"Point","coordinates":[36.7708,45.4236]}},{"type":"Feature","properties":{"name":"Kerch, Ukraine"},"geometry":{"type":"Point","coordinates":[36.4774,45.357]}},{"type":"Feature","properties":{"name":"Domburg, Netherlands"},"geometry":{"type":"Point","coordinates":[3.4962,51.564]}},{"type":"Feature","properties":{"name":"Aldeburgh, United Kingdom"},"geometry":{"type":"Point","coordinates":[1.5906,52.1578]}},{"type":"Feature","properties":{"name":"Port Hedland, WA, Australia"},"geometry":{"type":"Point","coordinates":[118.5772,-20.3135]}},{"type":"Feature","properties":{"name":"Darwin, NT, Australia"},"geometry":{"type":"Point","coordinates":[130.8431,-12.4675]}},{"type":"Feature","properties":{"name":"Igiugig, AK, United States"},"geometry":{"type":"Point","coordinates":[-155.8947,59.3278]}},{"type":"Feature","properties":{"name":"Port Alsworth, AK, United States"},"geometry":{"type":"Point","coordinates":[-154.3369,60.2004]}},{"type":"Feature","properties":{"name":"Fish Camp, AK, United States"},"geometry":{"type":"Point","coordinates":[-154.8589,59.9492]}},{"type":"Feature","properties":{"name":"Nondalton, AK, United States"},"geometry":{"type":"Point","coordinates":[-154.8477,59.9726]}},{"type":"Feature","properties":{"name":"Newhalen, AK, United States"},"geometry":{"type":"Point","coordinates":[-154.8998,59.7181]}},{"type":"Feature","properties":{"name":"Kokhanok, AK, United States"},"geometry":{"type":"Point","coordinates":[-154.7528,59.4422]}},{"type":"Feature","properties":{"name":"Pile Bay, AK, United States"},"geometry":{"type":"Point","coordinates":[-153.8805,59.7761]}},{"type":"Feature","properties":{"name":"Illiamna, AK, United States"},"geometry":{"type":"Point","coordinates":[-154.9061,59.7548]}},{"type":"Feature","properties":{"name":"Pedro Bay, AK, United States"},"geometry":{"type":"Point","coordinates":[-154.1061,59.7872]}},{"type":"Feature","properties":{"name":"Williamsport, AK, United States"},"geometry":{"type":"Point","coordinates":[-153.6321,59.6824]}},{"type":"Feature","properties":{"name":"McHugh Point, AK, United States"},"geometry":{"type":"Point","coordinates":[-149.7322,61.0157]}},{"type":"Feature","properties":{"name":"Portage, AK, United States"},"geometry":{"type":"Point","coordinates":[-148.9898,60.8283]}},{"type":"Feature","properties":{"name":"Matara, Sri Lanka"},"geometry":{"type":"Point","coordinates":[80.5399,5.9408]}},{"type":"Feature","properties":{"name":"Kuakata, Bangladesh"},"geometry":{"type":"Point","coordinates":[90.1166,21.8167]}},{"type":"Feature","properties":{"name":"Lochmaddy, United Kingdom"},"geometry":{"type":"Point","coordinates":[-7.1633,57.6037]}},{"type":"Feature","properties":{"name":"Dunvegan, United Kingdom"},"geometry":{"type":"Point","coordinates":[-6.5817,57.4363]}},{"type":"Feature","properties":{"name":"Holmar, United Kingdom"},"geometry":{"type":"Point","coordinates":[-7.2741,57.3667]}},{"type":"Feature","properties":{"name":"Ardvasar, United Kingdom"},"geometry":{"type":"Point","coordinates":[-5.9065,57.0594]}},{"type":"Feature","properties":{"name":"Mallaig, United Kingdom"},"geometry":{"type":"Point","coordinates":[-5.8204,57.0085]}},{"type":"Feature","properties":{"name":"Scarinish, United Kingdom"},"geometry":{"type":"Point","coordinates":[-6.8085,56.5038]}},{"type":"Feature","properties":{"name":"Calgary, United Kingdom"},"geometry":{"type":"Point","coordinates":[-6.2724,56.5821]}},{"type":"Feature","properties":{"name":"Ludag, United Kingdom"},"geometry":{"type":"Point","coordinates":[-7.3281,57.1055]}},{"type":"Feature","properties":{"name":"Balla, United Kingdom"},"geometry":{"type":"Point","coordinates":[-7.3122,57.0815]}},{"type":"Feature","properties":{"name":"North Bay, United Kingdom"},"geometry":{"type":"Point","coordinates":[-7.4495,57.0253]}},{"type":"Feature","properties":{"name":"Bay of Tuquoy, United Kingdom"},"geometry":{"type":"Point","coordinates":[-2.9395,59.2798]}},{"type":"Feature","properties":{"name":"Aikerness Bay, United Kingdom"},"geometry":{"type":"Point","coordinates":[-3.0951,59.118]}},{"type":"Feature","properties":{"name":"Portachur Point, United Kingdom"},"geometry":{"type":"Point","coordinates":[-4.9439,55.7428]}},{"type":"Feature","properties":{"name":"Coilleag, United Kingdom"},"geometry":{"type":"Point","coordinates":[-7.3022,57.0736]}},{"type":"Feature","properties":{"name":"Ardbeg Point, United Kingdom"},"geometry":{"type":"Point","coordinates":[-5.0636,55.8586]}},{"type":"Feature","properties":{"name":"Ardyne Point, United Kingdom"},"geometry":{"type":"Point","coordinates":[-5.02,55.8694]}},{"type":"Feature","properties":{"name":"Ardgour, United Kingdom"},"geometry":{"type":"Point","coordinates":[-5.2337,56.7216]}},{"type":"Feature","properties":{"name":"Raglan, New Zealand"},"geometry":{"type":"Point","coordinates":[174.8718,-37.8014]}},{"type":"Feature","properties":{"name":"Ola, Russia"},"geometry":{"type":"Point","coordinates":[151.2834,59.5833]}},{"type":"Feature","properties":{"name":"Okha, Russia"},"geometry":{"type":"Point","coordinates":[142.9425,53.5775]}},{"type":"Feature","properties":{"name":"Ust-Bolsheretsk, Russia"},"geometry":{"type":"Point","coordinates":[156.2871,52.8124]}},{"type":"Feature","properties":{"name":"Porthcressa Beach, United Kingdom"},"geometry":{"type":"Point","coordinates":[-6.3082,49.9199]}},{"type":"Feature","properties":{"name":"Mogadishu, Somalia"},"geometry":{"type":"Point","coordinates":[45.3442,2.0412]}},{"type":"Feature","properties":{"name":"Satun, Thailand"},"geometry":{"type":"Point","coordinates":[100.0661,6.6135]}},{"type":"Feature","properties":{"name":"Rayong, Thailand"},"geometry":{"type":"Point","coordinates":[101.2773,12.6707]}},{"type":"Feature","properties":{"name":"Moorea, French Polynesia"},"geometry":{"type":"Point","coordinates":[-149.8296,-17.5388]}},{"type":"Feature","properties":{"name":"Uturoa, French Polynesia"},"geometry":{"type":"Point","coordinates":[-151.443,-16.7309]}},{"type":"Feature","properties":{"name":"Vaitape, French Polynesia"},"geometry":{"type":"Point","coordinates":[-151.7495,-16.5063]}},{"type":"Feature","properties":{"name":"Nasugbu, Philippines"},"geometry":{"type":"Point","coordinates":[120.623,14.0882]}},{"type":"Feature","properties":{"name":"Pinamalayan, Philippines"},"geometry":{"type":"Point","coordinates":[121.4645,13.0458]}},{"type":"Feature","properties":{"name":"Roxas City, Philippines"},"geometry":{"type":"Point","coordinates":[122.75,11.5833]}},{"type":"Feature","properties":{"name":"Masbate City, Philippines"},"geometry":{"type":"Point","coordinates":[123.6167,12.3667]}},{"type":"Feature","properties":{"name":"Legazpi City, Philippines"},"geometry":{"type":"Point","coordinates":[123.7437,13.1391]}},{"type":"Feature","properties":{"name":"Calbayog, Philippines"},"geometry":{"type":"Point","coordinates":[124.6003,12.0699]}},{"type":"Feature","properties":{"name":"Ormoc, Philippines"},"geometry":{"type":"Point","coordinates":[124.6128,11.0069]}},{"type":"Feature","properties":{"name":"Cebu, Philippines"},"geometry":{"type":"Point","coordinates":[123.8946,10.31]}},{"type":"Feature","properties":{"name":"Cadiz City, Philippines"},"geometry":{"type":"Point","coordinates":[123.3,10.95]}},{"type":"Feature","properties":{"name":"Dumaguete, Philippines"},"geometry":{"type":"Point","coordinates":[123.2814,9.2956]}},{"type":"Feature","properties":{"name":"Ozamiz City, Philippines"},"geometry":{"type":"Point","coordinates":[123.85,8.15]}},{"type":"Feature","properties":{"name":"Cagayan de Oro, Philippines"},"geometry":{"type":"Point","coordinates":[124.6319,8.4542]}},{"type":"Feature","properties":{"name":"Butuan City, Philippines"},"geometry":{"type":"Point","coordinates":[125.5406,8.9476]}},{"type":"Feature","properties":{"name":"San Jose de Buenavista, Philippines"},"geometry":{"type":"Point","coordinates":[121.9413,10.7488]}},{"type":"Feature","properties":{"name":"Santiago de Cuba, Cuba"},"geometry":{"type":"Point","coordinates":[-75.829,20.0288]}},{"type":"Feature","properties":{"name":"Killala, Ireland"},"geometry":{"type":"Point","coordinates":[-9.2322,54.2068]}},{"type":"Feature","properties":{"name":"Cork, Ireland"},"geometry":{"type":"Point","coordinates":[-8.4728,51.8983]}},{"type":"Feature","properties":{"name":"Milton, NL, Canada"},"geometry":{"type":"Point","coordinates":[-53.9602,48.2076]}},{"type":"Feature","properties":{"name":"Pacific City, OR, United States"},"geometry":{"type":"Point","coordinates":[-123.9626,45.2019]}},{"type":"Feature","properties":{"name":"Labuan Bajo, Indonesia"},"geometry":{"type":"Point","coordinates":[119.9076,-8.4756]}},{"type":"Feature","properties":{"name":"Sape, Indonesia"},"geometry":{"type":"Point","coordinates":[118.9762,-8.5056]}},{"type":"Feature","properties":{"name":"Ngwe Saung, Myanmar"},"geometry":{"type":"Point","coordinates":[94.3912,16.858]}},{"type":"Feature","properties":{"name":"Yanbu, Saudi Arabia"},"geometry":{"type":"Point","coordinates":[38.107,24.0706]}},{"type":"Feature","properties":{"name":"Toulon, France"},"geometry":{"type":"Point","coordinates":[5.9303,43.1253]}},{"type":"Feature","properties":{"name":"Buenaventura, Colombia"},"geometry":{"type":"Point","coordinates":[-77.0403,3.8837]}},{"type":"Feature","properties":{"name":"Puerto Chacabuco, Chile"},"geometry":{"type":"Point","coordinates":[-72.8051,-45.4583]}},{"type":"Feature","properties":{"name":"Quellon, Chile"},"geometry":{"type":"Point","coordinates":[-73.4795,-43.1175]}},{"type":"Feature","properties":{"name":"Gavá, Spain"},"geometry":{"type":"Point","coordinates":[2.0013,41.304]}},{"type":"Feature","properties":{"name":"Fomboni Moheli, Comoros"},"geometry":{"type":"Point","coordinates":[43.7396,-12.2882]}},{"type":"Feature","properties":{"name":"Mutsamudu, Comoros"},"geometry":{"type":"Point","coordinates":[44.4,-12.1667]}},{"type":"Feature","properties":{"name":"Chindini, Comoros"},"geometry":{"type":"Point","coordinates":[43.4891,-11.9235]}},{"type":"Feature","properties":{"name":"Mouly, New Caledonia"},"geometry":{"type":"Point","coordinates":[166.489,-20.7059]}},{"type":"Feature","properties":{"name":"Xepenehe, New Caledonia"},"geometry":{"type":"Point","coordinates":[167.1513,-20.7809]}},{"type":"Feature","properties":{"name":"Poindimie, New Caledonia"},"geometry":{"type":"Point","coordinates":[165.3416,-20.9459]}},{"type":"Feature","properties":{"name":"Angra do Heroismo, Portugal"},"geometry":{"type":"Point","coordinates":[-27.2158,38.6585]}},{"type":"Feature","properties":{"name":"Vila do Porto, Portugal"},"geometry":{"type":"Point","coordinates":[-25.1413,36.9568]}},{"type":"Feature","properties":{"name":"Sao Mateus, Portugal"},"geometry":{"type":"Point","coordinates":[-28.4612,38.4323]}},{"type":"Feature","properties":{"name":"Velas, Portugal"},"geometry":{"type":"Point","coordinates":[-28.2132,38.6838]}},{"type":"Feature","properties":{"name":"Porto Santo, Portugal"},"geometry":{"type":"Point","coordinates":[-16.3477,33.0473]}},{"type":"Feature","properties":{"name":"Funchal, Portugal"},"geometry":{"type":"Point","coordinates":[-16.9089,32.6469]}},{"type":"Feature","properties":{"name":"Toco, Trinidad and Tobago"},"geometry":{"type":"Point","coordinates":[-60.9497,10.8311]}},{"type":"Feature","properties":{"name":"Pigeon Point, Trinidad and Tobago"},"geometry":{"type":"Point","coordinates":[-60.8403,11.1654]}},{"type":"Feature","properties":{"name":"Kaliko, Haiti"},"geometry":{"type":"Point","coordinates":[-72.6087,18.8646]}},{"type":"Feature","properties":{"name":"Huahine, French Polynesia"},"geometry":{"type":"Point","coordinates":[-151.0001,-16.7301]}},{"type":"Feature","properties":{"name":"Maruyama, Japan"},"geometry":{"type":"Point","coordinates":[139.9755,35.0054]}},{"type":"Feature","properties":{"name":"Makaha, HI, United States"},"geometry":{"type":"Point","coordinates":[-158.2206,21.4634]}},{"type":"Feature","properties":{"name":"Morro Bay, CA, United States"},"geometry":{"type":"Point","coordinates":[-120.8472,35.3667]}},{"type":"Feature","properties":{"name":"Porthcurno, United Kingdom"},"geometry":{"type":"Point","coordinates":[-5.6545,50.043]}},{"type":"Feature","properties":{"name":"Estepona, Spain"},"geometry":{"type":"Point","coordinates":[-5.1459,36.4271]}},{"type":"Feature","properties":{"name":"Fujairah, United Arab Emirates"},"geometry":{"type":"Point","coordinates":[56.3337,25.1217]}},{"type":"Feature","properties":{"name":"Penang, Malaysia"},"geometry":{"type":"Point","coordinates":[100.4098,5.3684]}},{"type":"Feature","properties":{"name":"Songkhla, Thailand"},"geometry":{"type":"Point","coordinates":[100.5951,7.1988]}},{"type":"Feature","properties":{"name":"Island Park, NY, United States"},"geometry":{"type":"Point","coordinates":[-73.6559,40.6003]}},{"type":"Feature","properties":{"name":"Danang, Vietnam"},"geometry":{"type":"Point","coordinates":[108.2147,16.0516]}},{"type":"Feature","properties":{"name":"Mersing, Malaysia"},"geometry":{"type":"Point","coordinates":[103.8499,2.2955]}},{"type":"Feature","properties":{"name":"Tuas, Singapore"},"geometry":{"type":"Point","coordinates":[103.6471,1.3382]}},{"type":"Feature","properties":{"name":"Tuckerton, NJ, United States"},"geometry":{"type":"Point","coordinates":[-74.3379,39.6039]}},{"type":"Feature","properties":{"name":"Boca Raton, FL, United States"},"geometry":{"type":"Point","coordinates":[-80.0889,26.3503]}},{"type":"Feature","properties":{"name":"Whitesands Bay, United Kingdom"},"geometry":{"type":"Point","coordinates":[-5.6985,50.0785]}},{"type":"Feature","properties":{"name":"Brookhaven, NY, United States"},"geometry":{"type":"Point","coordinates":[-72.9123,40.7731]}},{"type":"Feature","properties":{"name":"Grover Beach, CA, United States"},"geometry":{"type":"Point","coordinates":[-120.6214,35.1206]}},{"type":"Feature","properties":{"name":"Tijuana, Mexico"},"geometry":{"type":"Point","coordinates":[-117.0382,32.5308]}},{"type":"Feature","properties":{"name":"Northport, NY, United States"},"geometry":{"type":"Point","coordinates":[-73.3441,40.9095]}},{"type":"Feature","properties":{"name":"Takapuna, New Zealand"},"geometry":{"type":"Point","coordinates":[174.7679,-36.788]}},{"type":"Feature","properties":{"name":"Whenuapai, New Zealand"},"geometry":{"type":"Point","coordinates":[174.6234,-36.7888]}},{"type":"Feature","properties":{"name":"Valparaíso, Chile"},"geometry":{"type":"Point","coordinates":[-71.6205,-33.0458]}},{"type":"Feature","properties":{"name":"Lurin, Peru"},"geometry":{"type":"Point","coordinates":[-76.8743,-12.2785]}},{"type":"Feature","properties":{"name":"Rio de Janeiro, Brazil"},"geometry":{"type":"Point","coordinates":[-43.2096,-22.9034]}},{"type":"Feature","properties":{"name":"Santos, Brazil"},"geometry":{"type":"Point","coordinates":[-46.3281,-23.9618]}},{"type":"Feature","properties":{"name":"Las Toninas, Argentina"},"geometry":{"type":"Point","coordinates":[-56.6955,-36.4725]}},{"type":"Feature","properties":{"name":"Maldonado, Uruguay"},"geometry":{"type":"Point","coordinates":[-54.9502,-34.9004]}},{"type":"Feature","properties":{"name":"Fort Amador, Panama"},"geometry":{"type":"Point","coordinates":[-79.5467,8.9341]}},{"type":"Feature","properties":{"name":"Punta Cana, Dominican Republic"},"geometry":{"type":"Point","coordinates":[-68.4383,18.6213]}},{"type":"Feature","properties":{"name":"Puerto Plata, Dominican Republic"},"geometry":{"type":"Point","coordinates":[-70.6912,19.7993]}},{"type":"Feature","properties":{"name":"Riohacha, Colombia"},"geometry":{"type":"Point","coordinates":[-72.9527,11.4829]}},{"type":"Feature","properties":{"name":"Bluefields, Nicaragua"},"geometry":{"type":"Point","coordinates":[-83.7715,11.9918]}},{"type":"Feature","properties":{"name":"Puerto Lempira, Honduras"},"geometry":{"type":"Point","coordinates":[-83.7768,15.2612]}},{"type":"Feature","properties":{"name":"Trujillo, Honduras"},"geometry":{"type":"Point","coordinates":[-85.9548,15.9152]}},{"type":"Feature","properties":{"name":"Puerto Barrios, Guatemala"},"geometry":{"type":"Point","coordinates":[-88.5972,15.7271]}},{"type":"Feature","properties":{"name":"Hillsboro, OR, United States"},"geometry":{"type":"Point","coordinates":[-122.9898,45.5229]}},{"type":"Feature","properties":{"name":"Kahe Point, HI, United States"},"geometry":{"type":"Point","coordinates":[-158.1306,21.354]}},{"type":"Feature","properties":{"name":"Suva, Fiji"},"geometry":{"type":"Point","coordinates":[178.4374,-18.1238]}},{"type":"Feature","properties":{"name":"Savona, Italy"},"geometry":{"type":"Point","coordinates":[8.4838,44.3055]}},{"type":"Feature","properties":{"name":"Baby Beach, Aruba"},"geometry":{"type":"Point","coordinates":[-69.8787,12.4141]}},{"type":"Feature","properties":{"name":"Halifax, NS, Canada"},"geometry":{"type":"Point","coordinates":[-63.574,44.6458]}},{"type":"Feature","properties":{"name":"Lynn, MA, United States"},"geometry":{"type":"Point","coordinates":[-70.9503,42.4637]}},{"type":"Feature","properties":{"name":"Dublin, Ireland"},"geometry":{"type":"Point","coordinates":[-6.2483,53.348]}},{"type":"Feature","properties":{"name":"Southport, United Kingdom"},"geometry":{"type":"Point","coordinates":[-3.0064,53.6479]}},{"type":"Feature","properties":{"name":"Bude, United Kingdom"},"geometry":{"type":"Point","coordinates":[-4.5444,50.8281]}},{"type":"Feature","properties":{"name":"San Juan, PR, United States"},"geometry":{"type":"Point","coordinates":[-66.1067,18.4658]}},{"type":"Feature","properties":{"name":"Keawaula, HI, United States"},"geometry":{"type":"Point","coordinates":[-158.242,21.5488]}},{"type":"Feature","properties":{"name":"Naha, Japan"},"geometry":{"type":"Point","coordinates":[127.6806,26.2124]}},{"type":"Feature","properties":{"name":"Toucheng, Taiwan"},"geometry":{"type":"Point","coordinates":[121.8015,24.8636]}},{"type":"Feature","properties":{"name":"Karachi, Pakistan"},"geometry":{"type":"Point","coordinates":[67.0285,24.8894]}},{"type":"Feature","properties":{"name":"Haramous, Djibouti"},"geometry":{"type":"Point","coordinates":[43.1617,11.5737]}},{"type":"Feature","properties":{"name":"Yeroskipos, Cyprus"},"geometry":{"type":"Point","coordinates":[32.4666,34.7664]}},{"type":"Feature","properties":{"name":"Marmaris, Turkey"},"geometry":{"type":"Point","coordinates":[28.2537,36.8552]}},{"type":"Feature","properties":{"name":"Mazara del Vallo, Italy"},"geometry":{"type":"Point","coordinates":[12.5913,37.6501]}},{"type":"Feature","properties":{"name":"Sesimbra, Portugal"},"geometry":{"type":"Point","coordinates":[-9.1028,38.4427]}},{"type":"Feature","properties":{"name":"Goonhilly Downs, United Kingdom"},"geometry":{"type":"Point","coordinates":[-5.1745,50.0248]}},{"type":"Feature","properties":{"name":"Sylt, Germany"},"geometry":{"type":"Point","coordinates":[8.3834,54.8985]}},{"type":"Feature","properties":{"name":"Dakar, Senegal"},"geometry":{"type":"Point","coordinates":[-17.4519,14.6866]}},{"type":"Feature","properties":{"name":"Conil de la Frontera, Spain"},"geometry":{"type":"Point","coordinates":[-6.0872,36.2766]}},{"type":"Feature","properties":{"name":"Nassau, Bahamas"},"geometry":{"type":"Point","coordinates":[-77.3403,25.067]}},{"type":"Feature","properties":{"name":"Crooked Island, Bahamas"},"geometry":{"type":"Point","coordinates":[-74.195,22.6297]}},{"type":"Feature","properties":{"name":"Providenciales, Turks and Caicos Islands"},"geometry":{"type":"Point","coordinates":[-72.1202,21.8511]}},{"type":"Feature","properties":{"name":"Aethos, Greece"},"geometry":{"type":"Point","coordinates":[20.0154,39.6836]}},{"type":"Feature","properties":{"name":"Corfu, Greece"},"geometry":{"type":"Point","coordinates":[19.9195,39.6193]}},{"type":"Feature","properties":{"name":"Durres, Albania"},"geometry":{"type":"Point","coordinates":[19.4501,41.3167]}},{"type":"Feature","properties":{"name":"Bridgetown, Barbados"},"geometry":{"type":"Point","coordinates":[-59.6134,13.099]}},{"type":"Feature","properties":{"name":"Castries, Saint Lucia"},"geometry":{"type":"Point","coordinates":[-61.0068,13.9942]}},{"type":"Feature","properties":{"name":"Pointe-a-Pitre, Guadeloupe"},"geometry":{"type":"Point","coordinates":[-61.5331,16.241]}},{"type":"Feature","properties":{"name":"Roseau, Dominica"},"geometry":{"type":"Point","coordinates":[-61.3707,15.2518]}},{"type":"Feature","properties":{"name":"The Valley, Anguilla"},"geometry":{"type":"Point","coordinates":[-63.0572,18.2174]}},{"type":"Feature","properties":{"name":"Cagliari, Italy"},"geometry":{"type":"Point","coordinates":[9.1093,39.2153]}},{"type":"Feature","properties":{"name":"Civitavecchia, Italy"},"geometry":{"type":"Point","coordinates":[11.7968,42.0911]}},{"type":"Feature","properties":{"name":"Olbia, Italy"},"geometry":{"type":"Point","coordinates":[9.4964,40.9236]}},{"type":"Feature","properties":{"name":"Khark Island, Iran"},"geometry":{"type":"Point","coordinates":[50.3121,29.2458]}},{"type":"Feature","properties":{"name":"Soroosh Platform, Iran"},"geometry":{"type":"Point","coordinates":[49.4781,29.0725]}},{"type":"Feature","properties":{"name":"Diba, Oman"},"geometry":{"type":"Point","coordinates":[56.258,25.617]}},{"type":"Feature","properties":{"name":"Tanah Merah, Singapore"},"geometry":{"type":"Point","coordinates":[103.9466,1.3273]}},{"type":"Feature","properties":{"name":"Nanhui, China"},"geometry":{"type":"Point","coordinates":[121.9251,30.8647]}},{"type":"Feature","properties":{"name":"West Palm Beach, FL, United States"},"geometry":{"type":"Point","coordinates":[-80.0533,26.7154]}},{"type":"Feature","properties":{"name":"Magen’s Bay, VI, United States"},"geometry":{"type":"Point","coordinates":[-64.9371,18.373]}},{"type":"Feature","properties":{"name":"Boat Harbour, TAS, Australia"},"geometry":{"type":"Point","coordinates":[145.6238,-40.9509]}},{"type":"Feature","properties":{"name":"Balboa, Panama"},"geometry":{"type":"Point","coordinates":[-79.5667,8.95]}},{"type":"Feature","properties":{"name":"Manta, Ecuador"},"geometry":{"type":"Point","coordinates":[-80.7162,-0.95]}},{"type":"Feature","properties":{"name":"Hudishibana, Aruba"},"geometry":{"type":"Point","coordinates":[-70.05,12.6166]}},{"type":"Feature","properties":{"name":"Tyra, Denmark"},"geometry":{"type":"Point","coordinates":[4.7485,55.7156]}},{"type":"Feature","properties":{"name":"Valdemar, Denmark"},"geometry":{"type":"Point","coordinates":[4.5643,55.8041]}},{"type":"Feature","properties":{"name":"South Arne, Denmark"},"geometry":{"type":"Point","coordinates":[4.2284,56.0783]}},{"type":"Feature","properties":{"name":"Ajaccio, France"},"geometry":{"type":"Point","coordinates":[8.7386,41.9193]}},{"type":"Feature","properties":{"name":"La Seyne, France"},"geometry":{"type":"Point","coordinates":[5.8781,43.1029]}},{"type":"Feature","properties":{"name":"L’Île-Rousse, France"},"geometry":{"type":"Point","coordinates":[8.9371,42.6365]}},{"type":"Feature","properties":{"name":"Cannes, France"},"geometry":{"type":"Point","coordinates":[7.0174,43.5529]}},{"type":"Feature","properties":{"name":"Alsgarde, Denmark"},"geometry":{"type":"Point","coordinates":[12.5369,56.0749]}},{"type":"Feature","properties":{"name":"Kristiansand, Norway"},"geometry":{"type":"Point","coordinates":[7.9963,58.151]}},{"type":"Feature","properties":{"name":"Monte Carlo, Monaco"},"geometry":{"type":"Point","coordinates":[7.4272,43.7397]}},{"type":"Feature","properties":{"name":"Otranto, Italy"},"geometry":{"type":"Point","coordinates":[18.4857,40.1481]}},{"type":"Feature","properties":{"name":"Umag, Croatia"},"geometry":{"type":"Point","coordinates":[13.5202,45.4331]}},{"type":"Feature","properties":{"name":"Mestre, Italy"},"geometry":{"type":"Point","coordinates":[12.2441,45.4959]}},{"type":"Feature","properties":{"name":"Vaasa, Finland"},"geometry":{"type":"Point","coordinates":[21.6164,63.0952]}},{"type":"Feature","properties":{"name":"Umeå, Sweden"},"geometry":{"type":"Point","coordinates":[20.263,63.8259]}},{"type":"Feature","properties":{"name":"Nynashamn, Sweden"},"geometry":{"type":"Point","coordinates":[17.9465,58.9029]}},{"type":"Feature","properties":{"name":"Meremöisa, Estonia"},"geometry":{"type":"Point","coordinates":[24.2766,59.4008]}},{"type":"Feature","properties":{"name":"Dubrovnik, Croatia"},"geometry":{"type":"Point","coordinates":[18.1064,42.6419]}},{"type":"Feature","properties":{"name":"Santa Cruz de La Palma, Canary Islands, Spain"},"geometry":{"type":"Point","coordinates":[-17.7652,28.6632]}},{"type":"Feature","properties":{"name":"Nuku'alofa, Tonga"},"geometry":{"type":"Point","coordinates":[-175.2,-21.1333]}},{"type":"Feature","properties":{"name":"Fresh Creek, Bahamas"},"geometry":{"type":"Point","coordinates":[-77.8446,24.6898]}},{"type":"Feature","properties":{"name":"Port Nelson, Bahamas"},"geometry":{"type":"Point","coordinates":[-74.8405,23.6521]}},{"type":"Feature","properties":{"name":"George Town, Bahamas"},"geometry":{"type":"Point","coordinates":[-75.788,23.5166]}},{"type":"Feature","properties":{"name":"Clarence Town, Bahamas"},"geometry":{"type":"Point","coordinates":[-74.9662,23.0983]}},{"type":"Feature","properties":{"name":"Cockburn Town, Bahamas"},"geometry":{"type":"Point","coordinates":[-74.5302,24.0525]}},{"type":"Feature","properties":{"name":"Governors Harbor, Bahamas"},"geometry":{"type":"Point","coordinates":[-76.2406,25.1961]}},{"type":"Feature","properties":{"name":"Duncan Town, Bahamas"},"geometry":{"type":"Point","coordinates":[-75.7335,22.1833]}},{"type":"Feature","properties":{"name":"Mayaguana, Bahamas"},"geometry":{"type":"Point","coordinates":[-73.0641,22.4016]}},{"type":"Feature","properties":{"name":"Kuala Tungkal, Indonesia"},"geometry":{"type":"Point","coordinates":[103.4667,-0.8165]}},{"type":"Feature","properties":{"name":"Batam, Indonesia"},"geometry":{"type":"Point","coordinates":[104.0166,1.0668]}},{"type":"Feature","properties":{"name":"Sakra Island, Singapore"},"geometry":{"type":"Point","coordinates":[103.7042,1.2589]}},{"type":"Feature","properties":{"name":"Shima, Japan"},"geometry":{"type":"Point","coordinates":[136.8744,34.3368]}},{"type":"Feature","properties":{"name":"Ajigaura, Japan"},"geometry":{"type":"Point","coordinates":[140.6123,36.3836]}},{"type":"Feature","properties":{"name":"Beverwijk, Netherlands"},"geometry":{"type":"Point","coordinates":[4.6569,52.4863]}},{"type":"Feature","properties":{"name":"Samandag, Turkey"},"geometry":{"type":"Point","coordinates":[35.9993,36.0823]}},{"type":"Feature","properties":{"name":"Girne, Cyprus"},"geometry":{"type":"Point","coordinates":[33.2363,35.2991]}},{"type":"Feature","properties":{"name":"Bozyazi, Turkey"},"geometry":{"type":"Point","coordinates":[32.9667,36.1]}},{"type":"Feature","properties":{"name":"Daet, Philippines"},"geometry":{"type":"Point","coordinates":[122.9499,14.1166]}},{"type":"Feature","properties":{"name":"St. Ouens Bay, Jersey"},"geometry":{"type":"Point","coordinates":[-2.2259,49.2157]}},{"type":"Feature","properties":{"name":"Archirondel, Jersey"},"geometry":{"type":"Point","coordinates":[-2.0213,49.2253]}},{"type":"Feature","properties":{"name":"Surville, France"},"geometry":{"type":"Point","coordinates":[-1.65,49.2833]}},{"type":"Feature","properties":{"name":"Greve de Lecq, Jersey"},"geometry":{"type":"Point","coordinates":[-2.2014,49.2479]}},{"type":"Feature","properties":{"name":"Havelet Bay, Guernsey"},"geometry":{"type":"Point","coordinates":[-2.5295,49.451]}},{"type":"Feature","properties":{"name":"New Victoria, NS, Canada"},"geometry":{"type":"Point","coordinates":[-60.1296,46.2529]}},{"type":"Feature","properties":{"name":"Rose Blanche, NL, Canada"},"geometry":{"type":"Point","coordinates":[-58.6866,47.6177]}},{"type":"Feature","properties":{"name":"L'Ancresse Bay, Guernsey"},"geometry":{"type":"Point","coordinates":[-2.5335,49.5034]}},{"type":"Feature","properties":{"name":"Saints Bay, Guernsey"},"geometry":{"type":"Point","coordinates":[-2.558,49.4233]}},{"type":"Feature","properties":{"name":"Pembroke, Guernsey"},"geometry":{"type":"Point","coordinates":[-2.5376,49.5095]}},{"type":"Feature","properties":{"name":"Malabo, Equatorial Guinea"},"geometry":{"type":"Point","coordinates":[8.7834,3.7498]}},{"type":"Feature","properties":{"name":"Palma, Spain"},"geometry":{"type":"Point","coordinates":[2.6052,39.5523]}},{"type":"Feature","properties":{"name":"Granadilla de Abona, Spain"},"geometry":{"type":"Point","coordinates":[-16.5181,28.0591]}},{"type":"Feature","properties":{"name":"Chateaubelair, Saint Vincent and the Grenadines"},"geometry":{"type":"Point","coordinates":[-61.2408,13.2909]}},{"type":"Feature","properties":{"name":"Kaunakakai, HI, United States"},"geometry":{"type":"Point","coordinates":[-157.0239,21.0933]}},{"type":"Feature","properties":{"name":"Hawaii Kai, HI, United States"},"geometry":{"type":"Point","coordinates":[-157.6689,21.272]}},{"type":"Feature","properties":{"name":"Røst, Norway"},"geometry":{"type":"Point","coordinates":[12.0701,67.5026]}},{"type":"Feature","properties":{"name":"Bodø, Norway"},"geometry":{"type":"Point","coordinates":[14.4001,67.286]}},{"type":"Feature","properties":{"name":"Golden Bay, Malta"},"geometry":{"type":"Point","coordinates":[14.3445,35.9387]}},{"type":"Feature","properties":{"name":"Mgarr ix-Xini, Malta"},"geometry":{"type":"Point","coordinates":[14.2713,36.0204]}},{"type":"Feature","properties":{"name":"Grand Baie (Rodrigues), Mauritius"},"geometry":{"type":"Point","coordinates":[63.4482,-19.6743]}},{"type":"Feature","properties":{"name":"Hao, French Polynesia"},"geometry":{"type":"Point","coordinates":[-140.9081,-18.2158]}},{"type":"Feature","properties":{"name":"Manado, Indonesia"},"geometry":{"type":"Point","coordinates":[124.8396,1.4908]}},{"type":"Feature","properties":{"name":"Ondong Siau, Indonesia"},"geometry":{"type":"Point","coordinates":[125.373,2.7546]}},{"type":"Feature","properties":{"name":"Tahuna, Indonesia"},"geometry":{"type":"Point","coordinates":[125.4855,3.6111]}},{"type":"Feature","properties":{"name":"Melonguane, Indonesia"},"geometry":{"type":"Point","coordinates":[126.7173,4.043]}},{"type":"Feature","properties":{"name":"Morotai, Indonesia"},"geometry":{"type":"Point","coordinates":[128.4008,2.3657]}},{"type":"Feature","properties":{"name":"Tobelo, Indonesia"},"geometry":{"type":"Point","coordinates":[127.9679,1.7146]}},{"type":"Feature","properties":{"name":"Ternate, Indonesia"},"geometry":{"type":"Point","coordinates":[127.3613,0.7958]}},{"type":"Feature","properties":{"name":"Sofifi, Indonesia"},"geometry":{"type":"Point","coordinates":[127.5614,0.735]}},{"type":"Feature","properties":{"name":"Tidore, Indonesia"},"geometry":{"type":"Point","coordinates":[127.4041,0.674]}},{"type":"Feature","properties":{"name":"Luwuk, Indonesia"},"geometry":{"type":"Point","coordinates":[122.7928,-0.9388]}},{"type":"Feature","properties":{"name":"Salakan, Indonesia"},"geometry":{"type":"Point","coordinates":[123.3402,-1.301]}},{"type":"Feature","properties":{"name":"Bangga, Indonesia"},"geometry":{"type":"Point","coordinates":[123.5275,-1.6003]}},{"type":"Feature","properties":{"name":"Taliabu, Indonesia"},"geometry":{"type":"Point","coordinates":[124.7741,-1.8268]}},{"type":"Feature","properties":{"name":"Sanana, Indonesia"},"geometry":{"type":"Point","coordinates":[125.937,-2.2014]}},{"type":"Feature","properties":{"name":"Kendari, Indonesia"},"geometry":{"type":"Point","coordinates":[122.513,-3.9984]}},{"type":"Feature","properties":{"name":"Wawonii, Indonesia"},"geometry":{"type":"Point","coordinates":[123.1239,-4.1361]}},{"type":"Feature","properties":{"name":"Raha, Indonesia"},"geometry":{"type":"Point","coordinates":[122.7211,-4.8324]}},{"type":"Feature","properties":{"name":"Tabwakea, Kiribati"},"geometry":{"type":"Point","coordinates":[-157.4278,1.8721]}},{"type":"Feature","properties":{"name":"Nukunonu, Tokelau"},"geometry":{"type":"Point","coordinates":[-171.8115,-9.1746]}},{"type":"Feature","properties":{"name":"Savusavu, Fiji"},"geometry":{"type":"Point","coordinates":[179.3498,-16.808]}},{"type":"Feature","properties":{"name":"Alexandria, NSW, Australia"},"geometry":{"type":"Point","coordinates":[151.1962,-33.9137]}},{"type":"Feature","properties":{"name":"Wall Township, NJ, United States"},"geometry":{"type":"Point","coordinates":[-74.0629,40.1529]}},{"type":"Feature","properties":{"name":"Blaabjerg, Denmark"},"geometry":{"type":"Point","coordinates":[8.3292,55.7517]}},{"type":"Feature","properties":{"name":"Lecanvey, Ireland"},"geometry":{"type":"Point","coordinates":[-9.6965,53.7708]}},{"type":"Feature","properties":{"name":"Medan, Indonesia"},"geometry":{"type":"Point","coordinates":[98.6761,3.7521]}},{"type":"Feature","properties":{"name":"Panipahan, Indonesia"},"geometry":{"type":"Point","coordinates":[100.3133,2.4524]}},{"type":"Feature","properties":{"name":"Dumai, Indonesia"},"geometry":{"type":"Point","coordinates":[101.4476,1.6656]}},{"type":"Feature","properties":{"name":"Brookvale, NSW, Australia"},"geometry":{"type":"Point","coordinates":[151.274,-33.7612]}},{"type":"Feature","properties":{"name":"Piti, Guam"},"geometry":{"type":"Point","coordinates":[144.6947,13.4647]}},{"type":"Feature","properties":{"name":"Minamiboso, Japan"},"geometry":{"type":"Point","coordinates":[139.961,34.9741]}},{"type":"Feature","properties":{"name":"Pangai, Tonga"},"geometry":{"type":"Point","coordinates":[-174.3503,-19.8114]}},{"type":"Feature","properties":{"name":"Neiafu, Tonga"},"geometry":{"type":"Point","coordinates":[-173.9837,-18.6477]}},{"type":"Feature","properties":{"name":"Kekaha, HI, United States"},"geometry":{"type":"Point","coordinates":[-159.7242,21.9703]}},{"type":"Feature","properties":{"name":"Kawaihae, HI, United States"},"geometry":{"type":"Point","coordinates":[-155.8312,20.0403]}},{"type":"Feature","properties":{"name":"Makena, HI, United States"},"geometry":{"type":"Point","coordinates":[-156.44,20.6636]}},{"type":"Feature","properties":{"name":"Lahaina, HI, United States"},"geometry":{"type":"Point","coordinates":[-156.6845,20.9009]}},{"type":"Feature","properties":{"name":"Dania Beach, FL, United States"},"geometry":{"type":"Point","coordinates":[-80.1439,26.0523]}},{"type":"Feature","properties":{"name":"Guantanamo Bay, Cuba"},"geometry":{"type":"Point","coordinates":[-75.1582,19.9396]}},{"type":"Feature","properties":{"name":"Newcastle, United Kingdom"},"geometry":{"type":"Point","coordinates":[-1.6178,54.9782]}},{"type":"Feature","properties":{"name":"Endrup, Denmark"},"geometry":{"type":"Point","coordinates":[8.7184,55.5231]}},{"type":"Feature","properties":{"name":"Eemshaven, Netherlands"},"geometry":{"type":"Point","coordinates":[6.816,53.4428]}},{"type":"Feature","properties":{"name":"Pegwell, Barbados"},"geometry":{"type":"Point","coordinates":[-59.5363,13.0626]}},{"type":"Feature","properties":{"name":"Georgetown, Guyana"},"geometry":{"type":"Point","coordinates":[-58.1548,6.8045]}},{"type":"Feature","properties":{"name":"Mt. Lavinia, Sri Lanka"},"geometry":{"type":"Point","coordinates":[79.8668,6.8332]}},{"type":"Feature","properties":{"name":"Kourou, French Guiana"},"geometry":{"type":"Point","coordinates":[-52.6456,5.1683]}},{"type":"Feature","properties":{"name":"Flying Fish Cove, Christmas Island"},"geometry":{"type":"Point","coordinates":[105.6971,-10.4374]}},{"type":"Feature","properties":{"name":"Leava, Wallis and Futuna"},"geometry":{"type":"Point","coordinates":[-178.1581,-14.2968]}},{"type":"Feature","properties":{"name":"Mata-Utu, Wallis and Futuna"},"geometry":{"type":"Point","coordinates":[-176.175,-13.282]}},{"type":"Feature","properties":{"name":"Nelson, New Zealand"},"geometry":{"type":"Point","coordinates":[173.284,-41.2723]}},{"type":"Feature","properties":{"name":"Levin, New Zealand"},"geometry":{"type":"Point","coordinates":[175.2853,-40.6253]}},{"type":"Feature","properties":{"name":"Gustavia, Saint Barthélemy"},"geometry":{"type":"Point","coordinates":[-62.8505,17.8979]}},{"type":"Feature","properties":{"name":"St. Louis, Saint Martin"},"geometry":{"type":"Point","coordinates":[-63.0781,18.0899]}},{"type":"Feature","properties":{"name":"Baie-Mahault, Guadeloupe"},"geometry":{"type":"Point","coordinates":[-61.5717,16.2445]}},{"type":"Feature","properties":{"name":"Copa Club, Jamaica"},"geometry":{"type":"Point","coordinates":[-76.6894,17.943]}},{"type":"Feature","properties":{"name":"Weno, Chuuk, Micronesia"},"geometry":{"type":"Point","coordinates":[151.8585,7.44]}},{"type":"Feature","properties":{"name":"Magachgil, Yap, Micronesia"},"geometry":{"type":"Point","coordinates":[138.0615,9.4439]}},{"type":"Feature","properties":{"name":"Ngeremlengui, Palau"},"geometry":{"type":"Point","coordinates":[134.5609,7.5317]}},{"type":"Feature","properties":{"name":"Buranga, Indonesia"},"geometry":{"type":"Point","coordinates":[122.8561,-4.7923]}},{"type":"Feature","properties":{"name":"Lakudo, Indonesia"},"geometry":{"type":"Point","coordinates":[122.5599,-5.3891]}},{"type":"Feature","properties":{"name":"Baubau, Indonesia"},"geometry":{"type":"Point","coordinates":[122.5969,-5.5071]}},{"type":"Feature","properties":{"name":"Ijmuiden, Netherlands"},"geometry":{"type":"Point","coordinates":[4.6137,52.4585]}},{"type":"Feature","properties":{"name":"Takaroa, French Polynesia"},"geometry":{"type":"Point","coordinates":[-144.9722,-14.4498]}},{"type":"Feature","properties":{"name":"Manihi, French Polynesia"},"geometry":{"type":"Point","coordinates":[-145.9581,-14.4029]}},{"type":"Feature","properties":{"name":"Rangiroa, French Polynesia"},"geometry":{"type":"Point","coordinates":[-147.6513,-15.1162]}},{"type":"Feature","properties":{"name":"Arutua, French Polynesia"},"geometry":{"type":"Point","coordinates":[-146.7862,-15.2899]}},{"type":"Feature","properties":{"name":"Kaukura, French Polynesia"},"geometry":{"type":"Point","coordinates":[-146.6738,-15.7414]}},{"type":"Feature","properties":{"name":"Fakarava, French Polynesia"},"geometry":{"type":"Point","coordinates":[-145.6246,-16.3103]}},{"type":"Feature","properties":{"name":"Makemo, French Polynesia"},"geometry":{"type":"Point","coordinates":[-143.8672,-16.5396]}},{"type":"Feature","properties":{"name":"Hitia'a, French Polynesia"},"geometry":{"type":"Point","coordinates":[-149.3081,-17.7233]}},{"type":"Feature","properties":{"name":"Hiva Oa, French Polynesia"},"geometry":{"type":"Point","coordinates":[-139.0211,-9.7547]}},{"type":"Feature","properties":{"name":"Nuku Hiva, French Polynesia"},"geometry":{"type":"Point","coordinates":[-140.1421,-8.8605]}},{"type":"Feature","properties":{"name":"Suro, Guinea-Bissau"},"geometry":{"type":"Point","coordinates":[-15.7911,11.7741]}},{"type":"Feature","properties":{"name":"Duynefontein, South Africa"},"geometry":{"type":"Point","coordinates":[18.4499,-33.6933]}},{"type":"Feature","properties":{"name":"Tuasivi, Samoa"},"geometry":{"type":"Point","coordinates":[-172.1782,-13.6706]}},{"type":"Feature","properties":{"name":"Puerto Montt, Chile"},"geometry":{"type":"Point","coordinates":[-72.9534,-41.4604]}},{"type":"Feature","properties":{"name":"Punta Arenas, Chile"},"geometry":{"type":"Point","coordinates":[-70.9333,-53.1667]}},{"type":"Feature","properties":{"name":"Puerto Williams, Chile"},"geometry":{"type":"Point","coordinates":[-67.6059,-54.9352]}},{"type":"Feature","properties":{"name":"Tortel, Chile"},"geometry":{"type":"Point","coordinates":[-73.5369,-47.8012]}},{"type":"Feature","properties":{"name":"Buffalo, NY, United States"},"geometry":{"type":"Point","coordinates":[-78.8785,42.8854]}},{"type":"Feature","properties":{"name":"Toronto, ON, Canada"},"geometry":{"type":"Point","coordinates":[-79.3853,43.6486]}},{"type":"Feature","properties":{"name":"Ancol, Indonesia"},"geometry":{"type":"Point","coordinates":[106.8334,-6.129]}},{"type":"Feature","properties":{"name":"Tanjung Pakis, Indonesia"},"geometry":{"type":"Point","coordinates":[107.1209,-5.9813]}},{"type":"Feature","properties":{"name":"Sungailiat, Indonesia"},"geometry":{"type":"Point","coordinates":[106.1325,-1.8515]}},{"type":"Feature","properties":{"name":"Mentigi, Indonesia"},"geometry":{"type":"Point","coordinates":[107.6964,-3.196]}},{"type":"Feature","properties":{"name":"Anyer, Indonesia"},"geometry":{"type":"Point","coordinates":[105.8839,-6.0737]}},{"type":"Feature","properties":{"name":"Kalianda, Indonesia"},"geometry":{"type":"Point","coordinates":[105.5849,-5.7693]}},{"type":"Feature","properties":{"name":"Takesung, Indonesia"},"geometry":{"type":"Point","coordinates":[114.6668,-3.8828]}},{"type":"Feature","properties":{"name":"Ujung Pankah, Indonesia"},"geometry":{"type":"Point","coordinates":[112.5982,-6.9533]}},{"type":"Feature","properties":{"name":"Bawean, Indonesia"},"geometry":{"type":"Point","coordinates":[112.5856,-5.7935]}},{"type":"Feature","properties":{"name":"Sungsang, Indonesia"},"geometry":{"type":"Point","coordinates":[104.8745,-2.2953]}},{"type":"Feature","properties":{"name":"Muntok, Indonesia"},"geometry":{"type":"Point","coordinates":[105.1643,-2.0652]}},{"type":"Feature","properties":{"name":"Rupert's Bay, Saint Helena, Ascension and Tristan da Cunha"},"geometry":{"type":"Point","coordinates":[-5.7115,-15.9186]}},{"type":"Feature","properties":{"name":"Arica, Chile"},"geometry":{"type":"Point","coordinates":[-70.3067,-18.4734]}},{"type":"Feature","properties":{"name":"Sao Tome, Sao Tome and Principe"},"geometry":{"type":"Point","coordinates":[6.7333,0.3333]}},{"type":"Feature","properties":{"name":"Annobon, Equatorial Guinea"},"geometry":{"type":"Point","coordinates":[5.6369,-1.4351]}},{"type":"Feature","properties":{"name":"Thanlyin, Myanmar"},"geometry":{"type":"Point","coordinates":[96.2482,16.7587]}},{"type":"Feature","properties":{"name":"Maroochydore, QLD, Australia"},"geometry":{"type":"Point","coordinates":[153.0894,-26.6518]}},{"type":"Feature","properties":{"name":"Wurrumiyanga, NT, Australia"},"geometry":{"type":"Point","coordinates":[130.6321,-11.7626]}},{"type":"Feature","properties":{"name":"Trondheim, Norway"},"geometry":{"type":"Point","coordinates":[10.3921,63.431]}},{"type":"Feature","properties":{"name":"Owia, Saint Vincent and the Grenadines"},"geometry":{"type":"Point","coordinates":[-61.1428,13.3731]}},{"type":"Feature","properties":{"name":"Conference, Grenada"},"geometry":{"type":"Point","coordinates":[-61.6064,12.1612]}},{"type":"Feature","properties":{"name":"Bequia, Saint Vincent and the Grenadines"},"geometry":{"type":"Point","coordinates":[-61.2447,12.9976]}},{"type":"Feature","properties":{"name":"Mustique, Saint Vincent and the Grenadines"},"geometry":{"type":"Point","coordinates":[-61.1871,12.8777]}},{"type":"Feature","properties":{"name":"Canouan, Saint Vincent and the Grenadines"},"geometry":{"type":"Point","coordinates":[-61.339,12.6996]}},{"type":"Feature","properties":{"name":"Union Island, Saint Vincent and the Grenadines"},"geometry":{"type":"Point","coordinates":[-61.4432,12.6114]}},{"type":"Feature","properties":{"name":"Carriacou, Grenada"},"geometry":{"type":"Point","coordinates":[-61.4786,12.4737]}},{"type":"Feature","properties":{"name":"Varberg, Sweden"},"geometry":{"type":"Point","coordinates":[12.2513,57.1053]}},{"type":"Feature","properties":{"name":"Laeso, Denmark"},"geometry":{"type":"Point","coordinates":[10.8871,57.257]}},{"type":"Feature","properties":{"name":"Saint-Hilaire-de-Riez, France"},"geometry":{"type":"Point","coordinates":[-1.9683,46.694]}},{"type":"Feature","properties":{"name":"Hirtshals, Denmark"},"geometry":{"type":"Point","coordinates":[9.9593,57.5882]}},{"type":"Feature","properties":{"name":"Larvik, Norway"},"geometry":{"type":"Point","coordinates":[10.0164,59.0811]}},{"type":"Feature","properties":{"name":"Port Erin, Isle of Man"},"geometry":{"type":"Point","coordinates":[-4.7605,54.0872]}},{"type":"Feature","properties":{"name":"Bulobulo, Indonesia"},"geometry":{"type":"Point","coordinates":[119.8093,-5.6691]}},{"type":"Feature","properties":{"name":"Kawinda Nae, Indonesia"},"geometry":{"type":"Point","coordinates":[117.8616,-8.1081]}},{"type":"Feature","properties":{"name":"Sangatta, Indonesia"},"geometry":{"type":"Point","coordinates":[117.5355,0.3245]}},{"type":"Feature","properties":{"name":"Towale, Indonesia"},"geometry":{"type":"Point","coordinates":[119.6661,-0.7119]}},{"type":"Feature","properties":{"name":"Senggigi, Indonesia"},"geometry":{"type":"Point","coordinates":[116.0473,-8.4855]}},{"type":"Feature","properties":{"name":"Sanur, Indonesia"},"geometry":{"type":"Point","coordinates":[115.2596,-8.6951]}},{"type":"Feature","properties":{"name":"Puger, Indonesia"},"geometry":{"type":"Point","coordinates":[113.4568,-8.3741]}},{"type":"Feature","properties":{"name":"Jimbaran, Indonesia"},"geometry":{"type":"Point","coordinates":[115.1598,-8.7841]}},{"type":"Feature","properties":{"name":"Sydney, NSW, Australia"},"geometry":{"type":"Point","coordinates":[151.207,-33.8697]}},{"type":"Feature","properties":{"name":"Honiara, Solomon Islands"},"geometry":{"type":"Point","coordinates":[159.9498,-9.4291]}},{"type":"Feature","properties":{"name":"Port Moresby, Papua New Guinea"},"geometry":{"type":"Point","coordinates":[147.1885,-9.4796]}},{"type":"Feature","properties":{"name":"Auki, Solomon Islands"},"geometry":{"type":"Point","coordinates":[160.7013,-8.7746]}},{"type":"Feature","properties":{"name":"Noro, Solomon Islands"},"geometry":{"type":"Point","coordinates":[157.1907,-8.2421]}},{"type":"Feature","properties":{"name":"Taro, Solomon Islands"},"geometry":{"type":"Point","coordinates":[156.3959,-6.709]}},{"type":"Feature","properties":{"name":"Saint-Pierre, Saint Pierre and Miquelon"},"geometry":{"type":"Point","coordinates":[-56.1806,46.7758]}},{"type":"Feature","properties":{"name":"Miquelon-Langlade, Saint Pierre and Miquelon"},"geometry":{"type":"Point","coordinates":[-56.3499,47.0837]}},{"type":"Feature","properties":{"name":"Fortune, NL, Canada"},"geometry":{"type":"Point","coordinates":[-55.8273,47.072]}},{"type":"Feature","properties":{"name":"Lamaline, NL, Canada"},"geometry":{"type":"Point","coordinates":[-55.8033,46.869]}},{"type":"Feature","properties":{"name":"Narragansett, RI, United States"},"geometry":{"type":"Point","coordinates":[-71.4428,41.4414]}},{"type":"Feature","properties":{"name":"Crescent Beach, RI, United States"},"geometry":{"type":"Point","coordinates":[-71.5937,41.192]}},{"type":"Feature","properties":{"name":"Nybro, Sweden"},"geometry":{"type":"Point","coordinates":[15.9087,56.7438]}},{"type":"Feature","properties":{"name":"Klaipeda, Lithuania"},"geometry":{"type":"Point","coordinates":[21.15,55.6957]}},{"type":"Feature","properties":{"name":"Baie du Tombeau, Mauritius"},"geometry":{"type":"Point","coordinates":[57.4951,-20.1221]}},{"type":"Feature","properties":{"name":"Le Port, Réunion"},"geometry":{"type":"Point","coordinates":[55.3033,-20.9444]}},{"type":"Feature","properties":{"name":"Fort Dauphin, Madagascar"},"geometry":{"type":"Point","coordinates":[46.9854,-25.0225]}},{"type":"Feature","properties":{"name":"Candikusuma, Indonesia"},"geometry":{"type":"Point","coordinates":[114.5272,-8.2946]}},{"type":"Feature","properties":{"name":"Muncar, Indonesia"},"geometry":{"type":"Point","coordinates":[114.3104,-8.448]}},{"type":"Feature","properties":{"name":"Banyu Urip, Indonesia"},"geometry":{"type":"Point","coordinates":[112.7197,-7.2719]}},{"type":"Feature","properties":{"name":"Kendal, Indonesia"},"geometry":{"type":"Point","coordinates":[110.1879,-7.0265]}},{"type":"Feature","properties":{"name":"Cirebon, Indonesia"},"geometry":{"type":"Point","coordinates":[108.5667,-6.7167]}},{"type":"Feature","properties":{"name":"Narvik, Norway"},"geometry":{"type":"Point","coordinates":[17.56,68.4206]}},{"type":"Feature","properties":{"name":"Nesna, Norway"},"geometry":{"type":"Point","coordinates":[13.0182,66.1981]}},{"type":"Feature","properties":{"name":"Sandnessjøen, Norway"},"geometry":{"type":"Point","coordinates":[12.6315,66.0215]}},{"type":"Feature","properties":{"name":"Brønnøysund, Norway"},"geometry":{"type":"Point","coordinates":[12.2077,65.4736]}},{"type":"Feature","properties":{"name":"Rørvik, Norway"},"geometry":{"type":"Point","coordinates":[11.2373,64.8621]}},{"type":"Feature","properties":{"name":"Utskarpen, Norway"},"geometry":{"type":"Point","coordinates":[13.5636,66.293]}},{"type":"Feature","properties":{"name":"Hemnesberget, Norway"},"geometry":{"type":"Point","coordinates":[13.6245,66.2242]}},{"type":"Feature","properties":{"name":"Mo I Rana, Norway"},"geometry":{"type":"Point","coordinates":[14.142,66.3137]}},{"type":"Feature","properties":{"name":"Lucena, Philippines"},"geometry":{"type":"Point","coordinates":[121.6123,13.9353]}},{"type":"Feature","properties":{"name":"Iloilo City, Philippines"},"geometry":{"type":"Point","coordinates":[122.5621,10.7202]}},{"type":"Feature","properties":{"name":"Rødvig, Denmark"},"geometry":{"type":"Point","coordinates":[12.3719,55.2561]}},{"type":"Feature","properties":{"name":"Rønne, Denmark"},"geometry":{"type":"Point","coordinates":[14.7083,55.101]}},{"type":"Feature","properties":{"name":"Great Nicobar, India"},"geometry":{"type":"Point","coordinates":[93.9274,7.0313]}},{"type":"Feature","properties":{"name":"Kamorta, India"},"geometry":{"type":"Point","coordinates":[93.4814,8.1722]}},{"type":"Feature","properties":{"name":"Car Nicobar, India"},"geometry":{"type":"Point","coordinates":[92.8164,9.1775]}},{"type":"Feature","properties":{"name":"Little Andaman, India"},"geometry":{"type":"Point","coordinates":[92.5972,10.7091]}},{"type":"Feature","properties":{"name":"Havelock, India"},"geometry":{"type":"Point","coordinates":[92.9876,11.9761]}},{"type":"Feature","properties":{"name":"Long Island, India"},"geometry":{"type":"Point","coordinates":[92.9351,12.3965]}},{"type":"Feature","properties":{"name":"Rangat, India"},"geometry":{"type":"Point","coordinates":[92.9139,12.5069]}},{"type":"Feature","properties":{"name":"Cloverdale, OR, United States"},"geometry":{"type":"Point","coordinates":[-123.9564,45.2311]}},{"type":"Feature","properties":{"name":"Topolobampo, Mexico"},"geometry":{"type":"Point","coordinates":[-109.0504,25.6007]}},{"type":"Feature","properties":{"name":"La Paz, Mexico"},"geometry":{"type":"Point","coordinates":[-110.3055,24.1026]}},{"type":"Feature","properties":{"name":"Seraya, Indonesia"},"geometry":{"type":"Point","coordinates":[115.7467,-8.3863]}},{"type":"Feature","properties":{"name":"Tarahales, Spain"},"geometry":{"type":"Point","coordinates":[-15.4507,28.0964]}},{"type":"Feature","properties":{"name":"Taba, Egypt"},"geometry":{"type":"Point","coordinates":[34.8949,29.4926]}},{"type":"Feature","properties":{"name":"Praia Grande, Brazil"},"geometry":{"type":"Point","coordinates":[-46.4125,-24.0089]}},{"type":"Feature","properties":{"name":"Bosaso, Somalia"},"geometry":{"type":"Point","coordinates":[49.1879,11.2756]}},{"type":"Feature","properties":{"name":"Djibouti City, Djibouti"},"geometry":{"type":"Point","coordinates":[43.148,11.5947]}},{"type":"Feature","properties":{"name":"Mombasa, Kenya"},"geometry":{"type":"Point","coordinates":[39.6728,-4.0532]}},{"type":"Feature","properties":{"name":"Berbera, Somalia"},"geometry":{"type":"Point","coordinates":[45.0109,10.4351]}},{"type":"Feature","properties":{"name":"Salalah, Oman"},"geometry":{"type":"Point","coordinates":[54.1481,17.0958]}},{"type":"Feature","properties":{"name":"Burgau, Portugal"},"geometry":{"type":"Point","coordinates":[-8.7745,37.0734]}},{"type":"Feature","properties":{"name":"Chipiona, Spain"},"geometry":{"type":"Point","coordinates":[-6.4289,36.7313]}},{"type":"Feature","properties":{"name":"La Union, Philippines"},"geometry":{"type":"Point","coordinates":[120.3896,16.5826]}},{"type":"Feature","properties":{"name":"Lingang, China"},"geometry":{"type":"Point","coordinates":[121.8961,30.9357]}},{"type":"Feature","properties":{"name":"San Andres, Colombia"},"geometry":{"type":"Point","coordinates":[-81.7006,12.5847]}},{"type":"Feature","properties":{"name":"Skagway, AK, United States"},"geometry":{"type":"Point","coordinates":[-135.3139,59.4583]}},{"type":"Feature","properties":{"name":"Haines, AK, United States"},"geometry":{"type":"Point","coordinates":[-135.445,59.2358]}},{"type":"Feature","properties":{"name":"Manele Bay, HI, United States"},"geometry":{"type":"Point","coordinates":[-156.8969,20.7434]}},{"type":"Feature","properties":{"name":"Ko Olina, HI, United States"},"geometry":{"type":"Point","coordinates":[-158.1195,21.3397]}},{"type":"Feature","properties":{"name":"Surabaya, Indonesia"},"geometry":{"type":"Point","coordinates":[112.7467,-7.2586]}},{"type":"Feature","properties":{"name":"Makassar, Indonesia"},"geometry":{"type":"Point","coordinates":[119.4124,-5.1522]}},{"type":"Feature","properties":{"name":"Perth, WA, Australia"},"geometry":{"type":"Point","coordinates":[115.8572,-31.9534]}},{"type":"Feature","properties":{"name":"Tjele, Denmark"},"geometry":{"type":"Point","coordinates":[9.6117,56.5108]}},{"type":"Feature","properties":{"name":"San Jose, Northern Mariana Islands"},"geometry":{"type":"Point","coordinates":[145.6293,14.9588]}},{"type":"Feature","properties":{"name":"Sasanlagu, Northern Mariana Islands"},"geometry":{"type":"Point","coordinates":[145.1343,14.1449]}},{"type":"Feature","properties":{"name":"Tungku, Brunei"},"geometry":{"type":"Point","coordinates":[114.8858,4.9264]}},{"type":"Feature","properties":{"name":"Virginia Beach, VA, United States"},"geometry":{"type":"Point","coordinates":[-76.0592,36.755]}},{"type":"Feature","properties":{"name":"Carcavelos, Portugal"},"geometry":{"type":"Point","coordinates":[-9.3316,38.6902]}},{"type":"Feature","properties":{"name":"Utqiaġvik, AK, United States"},"geometry":{"type":"Point","coordinates":[-156.7886,71.2906]}},{"type":"Feature","properties":{"name":"Point Hope, AK, United States"},"geometry":{"type":"Point","coordinates":[-166.8081,68.3478]}},{"type":"Feature","properties":{"name":"Wainwright, AK, United States"},"geometry":{"type":"Point","coordinates":[-160.0383,70.637]}},{"type":"Feature","properties":{"name":"Kotzebue, AK, United States"},"geometry":{"type":"Point","coordinates":[-162.5967,66.8983]}},{"type":"Feature","properties":{"name":"Nome, AK, United States"},"geometry":{"type":"Point","coordinates":[-165.4064,64.5011]}},{"type":"Feature","properties":{"name":"Prudhoe Bay, AK, United States"},"geometry":{"type":"Point","coordinates":[-148.4568,70.294]}},{"type":"Feature","properties":{"name":"Kauditan, Indonesia"},"geometry":{"type":"Point","coordinates":[125.0656,1.3786]}},{"type":"Feature","properties":{"name":"Candelaria Santa Cruz de Tenerife, Spain"},"geometry":{"type":"Point","coordinates":[-16.3717,28.3555]}},{"type":"Feature","properties":{"name":"Cabo Espiritu Santo, Argentina"},"geometry":{"type":"Point","coordinates":[-68.6058,-52.6589]}},{"type":"Feature","properties":{"name":"Punta Dungeness, Argentina"},"geometry":{"type":"Point","coordinates":[-68.4198,-52.3902]}},{"type":"Feature","properties":{"name":"Bintulu, Malaysia"},"geometry":{"type":"Point","coordinates":[113.0684,3.197]}},{"type":"Feature","properties":{"name":"Kuching, Malaysia"},"geometry":{"type":"Point","coordinates":[110.3537,1.5202]}},{"type":"Feature","properties":{"name":"Largs, United Kingdom"},"geometry":{"type":"Point","coordinates":[-4.8673,55.7933]}},{"type":"Feature","properties":{"name":"Kilchatten Bay, United Kingdom"},"geometry":{"type":"Point","coordinates":[-5.0281,55.7518]}},{"type":"Feature","properties":{"name":"Otter Ferry, United Kingdom"},"geometry":{"type":"Point","coordinates":[-5.3212,56.0083]}},{"type":"Feature","properties":{"name":"Achnaba, United Kingdom"},"geometry":{"type":"Point","coordinates":[-5.3658,56.0194]}},{"type":"Feature","properties":{"name":"Blackwaterfoot, United Kingdom"},"geometry":{"type":"Point","coordinates":[-5.3321,55.502]}},{"type":"Feature","properties":{"name":"Ardnacross, United Kingdom"},"geometry":{"type":"Point","coordinates":[-5.5334,55.4765]}},{"type":"Feature","properties":{"name":"Down Craig, United Kingdom"},"geometry":{"type":"Point","coordinates":[-4.9005,55.7802]}},{"type":"Feature","properties":{"name":"Corrie, United Kingdom"},"geometry":{"type":"Point","coordinates":[-5.1414,55.6436]}},{"type":"Feature","properties":{"name":"Ardneil Bay, United Kingdom"},"geometry":{"type":"Point","coordinates":[-4.8894,55.693]}},{"type":"Feature","properties":{"name":"Port Askaig, United Kingdom"},"geometry":{"type":"Point","coordinates":[-6.1063,55.8477]}},{"type":"Feature","properties":{"name":"Feolin Ferry, United Kingdom"},"geometry":{"type":"Point","coordinates":[-6.0899,55.8467]}},{"type":"Feature","properties":{"name":"Lagavulin, United Kingdom"},"geometry":{"type":"Point","coordinates":[-6.1254,55.6361]}},{"type":"Feature","properties":{"name":"Glenbarr, United Kingdom"},"geometry":{"type":"Point","coordinates":[-5.6976,55.5655]}},{"type":"Feature","properties":{"name":"Craighouse, United Kingdom"},"geometry":{"type":"Point","coordinates":[-5.9538,55.8337]}},{"type":"Feature","properties":{"name":"Ormsary, United Kingdom"},"geometry":{"type":"Point","coordinates":[-5.6146,55.8917]}},{"type":"Feature","properties":{"name":"Kilchoan Ferry, United Kingdom"},"geometry":{"type":"Point","coordinates":[-6.094,56.6886]}},{"type":"Feature","properties":{"name":"Tobermory, United Kingdom"},"geometry":{"type":"Point","coordinates":[-6.0703,56.6218]}},{"type":"Feature","properties":{"name":"Duart Bay, United Kingdom"},"geometry":{"type":"Point","coordinates":[-5.6694,56.4558]}},{"type":"Feature","properties":{"name":"Ganavan Bay, United Kingdom"},"geometry":{"type":"Point","coordinates":[-5.4758,56.4378]}},{"type":"Feature","properties":{"name":"Corran, United Kingdom"},"geometry":{"type":"Point","coordinates":[-5.2454,56.7225]}},{"type":"Feature","properties":{"name":"Ardmair, United Kingdom"},"geometry":{"type":"Point","coordinates":[-5.1962,57.9341]}},{"type":"Feature","properties":{"name":"Branahuie Bay, United Kingdom"},"geometry":{"type":"Point","coordinates":[-6.3108,58.2091]}},{"type":"Feature","properties":{"name":"Koko Head, HI, United States"},"geometry":{"type":"Point","coordinates":[-157.696,21.2776]}},{"type":"Feature","properties":{"name":"Kihei, HI, United States"},"geometry":{"type":"Point","coordinates":[-156.4631,20.7822]}},{"type":"Feature","properties":{"name":"Lihue, HI, United States"},"geometry":{"type":"Point","coordinates":[-159.3686,21.9749]}},{"type":"Feature","properties":{"name":"Skaill, United Kingdom"},"geometry":{"type":"Point","coordinates":[-3.355,59.0515]}},{"type":"Feature","properties":{"name":"Dunnet Head, United Kingdom"},"geometry":{"type":"Point","coordinates":[-3.3766,58.6703]}},{"type":"Feature","properties":{"name":"Whitehead, United Kingdom"},"geometry":{"type":"Point","coordinates":[-5.7187,54.7537]}},{"type":"Feature","properties":{"name":"Troon, United Kingdom"},"geometry":{"type":"Point","coordinates":[-4.6599,55.5413]}},{"type":"Feature","properties":{"name":"Rota, Spain"},"geometry":{"type":"Point","coordinates":[-6.363,36.6263]}},{"type":"Feature","properties":{"name":"Tinocas, Canary Islands, Spain"},"geometry":{"type":"Point","coordinates":[-15.4877,28.1344]}},{"type":"Feature","properties":{"name":"Güimar, Canary Islands, Spain"},"geometry":{"type":"Point","coordinates":[-16.4126,28.3106]}},{"type":"Feature","properties":{"name":"Batu Prahu, Indonesia"},"geometry":{"type":"Point","coordinates":[106.5475,-3.0799]}},{"type":"Feature","properties":{"name":"Palembang, Indonesia"},"geometry":{"type":"Point","coordinates":[104.7573,-2.991]}},{"type":"Feature","properties":{"name":"Pesaren, Indonesia"},"geometry":{"type":"Point","coordinates":[105.5827,-1.5539]}},{"type":"Feature","properties":{"name":"Linao, Chile"},"geometry":{"type":"Point","coordinates":[-73.5045,-41.9911]}},{"type":"Feature","properties":{"name":"Meimen, Chile"},"geometry":{"type":"Point","coordinates":[-73.1553,-41.8069]}},{"type":"Feature","properties":{"name":"Kota Kinabalu, Malaysia"},"geometry":{"type":"Point","coordinates":[116.0743,5.9813]}},{"type":"Feature","properties":{"name":"Miri, Malaysia"},"geometry":{"type":"Point","coordinates":[114.0074,4.4253]}},{"type":"Feature","properties":{"name":"Seba, Indonesia"},"geometry":{"type":"Point","coordinates":[121.8799,-10.4578]}},{"type":"Feature","properties":{"name":"Baa, Indonesia"},"geometry":{"type":"Point","coordinates":[123.0353,-10.7333]}},{"type":"Feature","properties":{"name":"Alor, Indonesia"},"geometry":{"type":"Point","coordinates":[124.4038,-8.3207]}},{"type":"Feature","properties":{"name":"Kokar, Indonesia"},"geometry":{"type":"Point","coordinates":[124.4535,-8.1583]}},{"type":"Feature","properties":{"name":"Tiakur, Indonesia"},"geometry":{"type":"Point","coordinates":[127.7879,-8.1503]}},{"type":"Feature","properties":{"name":"Serwaru, Indonesia"},"geometry":{"type":"Point","coordinates":[127.6915,-8.1581]}},{"type":"Feature","properties":{"name":"Suemlaki, Indonesia"},"geometry":{"type":"Point","coordinates":[131.213,-8.0522]}},{"type":"Feature","properties":{"name":"Tual, Indonesia"},"geometry":{"type":"Point","coordinates":[132.7521,-5.6266]}},{"type":"Feature","properties":{"name":"Kep. Aru, Indonesia"},"geometry":{"type":"Point","coordinates":[134.5502,-6.1946]}},{"type":"Feature","properties":{"name":"Timika, Indonesia"},"geometry":{"type":"Point","coordinates":[136.8896,-4.5503]}},{"type":"Feature","properties":{"name":"Agats, Indonesia"},"geometry":{"type":"Point","coordinates":[138.1214,-5.5356]}},{"type":"Feature","properties":{"name":"Kota Mappi, Indonesia"},"geometry":{"type":"Point","coordinates":[139.3965,-7.1025]}},{"type":"Feature","properties":{"name":"Nabire, Indonesia"},"geometry":{"type":"Point","coordinates":[135.5016,-3.3722]}},{"type":"Feature","properties":{"name":"Yapen, Indonesia"},"geometry":{"type":"Point","coordinates":[136.157,-1.7561]}},{"type":"Feature","properties":{"name":"Supiori, Indonesia"},"geometry":{"type":"Point","coordinates":[135.6385,-0.7295]}},{"type":"Feature","properties":{"name":"Manokwari, Indonesia"},"geometry":{"type":"Point","coordinates":[134.062,-0.8615]}},{"type":"Feature","properties":{"name":"Teluk, Indonesia"},"geometry":{"type":"Point","coordinates":[133.4821,-2.2024]}},{"type":"Feature","properties":{"name":"Balikpapan, Indonesia"},"geometry":{"type":"Point","coordinates":[116.8312,-1.2654]}},{"type":"Feature","properties":{"name":"Tarakan, Indonesia"},"geometry":{"type":"Point","coordinates":[117.5785,3.3273]}},{"type":"Feature","properties":{"name":"Madura, Indonesia"},"geometry":{"type":"Point","coordinates":[113.2835,-6.9023]}},{"type":"Feature","properties":{"name":"El Segundo, CA, United States"},"geometry":{"type":"Point","coordinates":[-118.416,33.9199]}},{"type":"Feature","properties":{"name":"Sangano, Angola"},"geometry":{"type":"Point","coordinates":[13.2014,-9.4901]}},{"type":"Feature","properties":{"name":"Aden, Yemen"},"geometry":{"type":"Point","coordinates":[45.0335,12.8007]}},{"type":"Feature","properties":{"name":"BP Clair Ridge, United Kingdom"},"geometry":{"type":"Point","coordinates":[-2.2949,60.441]}},{"type":"Feature","properties":{"name":"Baie Longue, Saint Martin"},"geometry":{"type":"Point","coordinates":[-63.1457,18.0597]}},{"type":"Feature","properties":{"name":"Philipsburg, Sint Maarten"},"geometry":{"type":"Point","coordinates":[-63.0458,18.0302]}},{"type":"Feature","properties":{"name":"Mamoudzou, Mayotte"},"geometry":{"type":"Point","coordinates":[45.2333,-12.7833]}},{"type":"Feature","properties":{"name":"Kikori, Papua New Guinea"},"geometry":{"type":"Point","coordinates":[144.2402,-7.4135]}},{"type":"Feature","properties":{"name":"Sisimiut, Greenland"},"geometry":{"type":"Point","coordinates":[-53.6734,66.9395]}},{"type":"Feature","properties":{"name":"Maniitsoq, Greenland"},"geometry":{"type":"Point","coordinates":[-52.9057,65.4077]}},{"type":"Feature","properties":{"name":"Aasiaat, Greenland"},"geometry":{"type":"Point","coordinates":[-52.8591,68.707]}},{"type":"Feature","properties":{"name":"Jakarta, Indonesia"},"geometry":{"type":"Point","coordinates":[106.8279,-6.1716]}},{"type":"Feature","properties":{"name":"Biak, Indonesia"},"geometry":{"type":"Point","coordinates":[136.0533,-1.1635]}},{"type":"Feature","properties":{"name":"Sorong, Indonesia"},"geometry":{"type":"Point","coordinates":[131.2954,-0.8821]}},{"type":"Feature","properties":{"name":"Labuha, Indonesia"},"geometry":{"type":"Point","coordinates":[127.4805,-0.6268]}},{"type":"Feature","properties":{"name":"Namlea, Indonesia"},"geometry":{"type":"Point","coordinates":[127.0858,-3.2334]}},{"type":"Feature","properties":{"name":"Ambon, Indonesia"},"geometry":{"type":"Point","coordinates":[128.1907,-3.6554]}},{"type":"Feature","properties":{"name":"Masohi, Indonesia"},"geometry":{"type":"Point","coordinates":[128.9553,-3.2978]}},{"type":"Feature","properties":{"name":"Bandaneria, Indonesia"},"geometry":{"type":"Point","coordinates":[129.8721,-4.5202]}},{"type":"Feature","properties":{"name":"Fakfak, Indonesia"},"geometry":{"type":"Point","coordinates":[133.0194,-3.0978]}},{"type":"Feature","properties":{"name":"Waisai, Indonesia"},"geometry":{"type":"Point","coordinates":[130.8576,-0.3834]}},{"type":"Feature","properties":{"name":"Kaimana, Indonesia"},"geometry":{"type":"Point","coordinates":[133.7915,-3.6794]}},{"type":"Feature","properties":{"name":"Merauke, Indonesia"},"geometry":{"type":"Point","coordinates":[140.4051,-8.4991]}},{"type":"Feature","properties":{"name":"Tutuyan, Indonesia"},"geometry":{"type":"Point","coordinates":[124.575,0.7614]}},{"type":"Feature","properties":{"name":"Tanjung Selor, Indonesia"},"geometry":{"type":"Point","coordinates":[117.8194,2.572]}},{"type":"Feature","properties":{"name":"Hanko, Finland"},"geometry":{"type":"Point","coordinates":[22.9682,59.8232]}},{"type":"Feature","properties":{"name":"Bomba, Belize"},"geometry":{"type":"Point","coordinates":[-88.2945,17.9256]}},{"type":"Feature","properties":{"name":"San Pedro, Belize"},"geometry":{"type":"Point","coordinates":[-87.9783,17.911]}},{"type":"Feature","properties":{"name":"Kiamsam, Malaysia"},"geometry":{"type":"Point","coordinates":[115.1689,5.2553]}},{"type":"Feature","properties":{"name":"São Mateus, Brazil"},"geometry":{"type":"Point","coordinates":[-39.8591,-18.7167]}},{"type":"Feature","properties":{"name":"Porto Seguro, Brazil"},"geometry":{"type":"Point","coordinates":[-39.0647,-16.4511]}},{"type":"Feature","properties":{"name":"Ilhéus, Brazil"},"geometry":{"type":"Point","coordinates":[-39.0477,-14.788]}},{"type":"Feature","properties":{"name":"Salvador, Brazil"},"geometry":{"type":"Point","coordinates":[-38.5045,-12.97]}},{"type":"Feature","properties":{"name":"Aracajú, Brazil"},"geometry":{"type":"Point","coordinates":[-37.0748,-10.9096]}},{"type":"Feature","properties":{"name":"Maceió, Brazil"},"geometry":{"type":"Point","coordinates":[-35.735,-9.6665]}},{"type":"Feature","properties":{"name":"Recife, Brazil"},"geometry":{"type":"Point","coordinates":[-34.872,-8.0553]}},{"type":"Feature","properties":{"name":"João Pessoa, Brazil"},"geometry":{"type":"Point","coordinates":[-34.861,-7.1153]}},{"type":"Feature","properties":{"name":"Natal, Brazil"},"geometry":{"type":"Point","coordinates":[-35.2112,-5.7948]}},{"type":"Feature","properties":{"name":"Vitória, Brazil"},"geometry":{"type":"Point","coordinates":[-40.3017,-20.294]}},{"type":"Feature","properties":{"name":"Macaé, Brazil"},"geometry":{"type":"Point","coordinates":[-41.7856,-22.3718]}},{"type":"Feature","properties":{"name":"Sitio, Brazil"},"geometry":{"type":"Point","coordinates":[-37.5705,-11.8467]}},{"type":"Feature","properties":{"name":"Atafona, Brazil"},"geometry":{"type":"Point","coordinates":[-41.0272,-21.6312]}},{"type":"Feature","properties":{"name":"Thinadhoo, Maldives"},"geometry":{"type":"Point","coordinates":[72.9977,0.5311]}},{"type":"Feature","properties":{"name":"Kolhufushi, Maldives"},"geometry":{"type":"Point","coordinates":[73.4246,2.7768]}},{"type":"Feature","properties":{"name":"Terempa, Indonesia"},"geometry":{"type":"Point","coordinates":[106.2111,3.2071]}},{"type":"Feature","properties":{"name":"Penarik, Indonesia"},"geometry":{"type":"Point","coordinates":[108.2902,3.6668]}},{"type":"Feature","properties":{"name":"Jayapura, Indonesia"},"geometry":{"type":"Point","coordinates":[140.6691,-2.5916]}},{"type":"Feature","properties":{"name":"Sarmi, Indonesia"},"geometry":{"type":"Point","coordinates":[139.3533,-2.1752]}},{"type":"Feature","properties":{"name":"Changi North, Singapore"},"geometry":{"type":"Point","coordinates":[103.987,1.389]}},{"type":"Feature","properties":{"name":"Barka, Oman"},"geometry":{"type":"Point","coordinates":[57.886,23.6787]}},{"type":"Feature","properties":{"name":"Monaco, Monaco"},"geometry":{"type":"Point","coordinates":[7.4176,43.7326]}},{"type":"Feature","properties":{"name":"Jeddah, Saudi Arabia"},"geometry":{"type":"Point","coordinates":[39.1828,21.4813]}},{"type":"Feature","properties":{"name":"Gibraltar, Gibraltar"},"geometry":{"type":"Point","coordinates":[-5.3477,36.1559]}},{"type":"Feature","properties":{"name":"Al Seeb, Oman"},"geometry":{"type":"Point","coordinates":[58.1761,23.6847]}},{"type":"Feature","properties":{"name":"Tanjung Pinggir, Indonesia"},"geometry":{"type":"Point","coordinates":[104.0166,1.0668]}},{"type":"Feature","properties":{"name":"Rengit, Malaysia"},"geometry":{"type":"Point","coordinates":[103.1477,1.6771]}},{"type":"Feature","properties":{"name":"Bahar ic-Caghaq, Malta"},"geometry":{"type":"Point","coordinates":[14.4588,35.9341]}},{"type":"Feature","properties":{"name":"Pozzallo, Italy"},"geometry":{"type":"Point","coordinates":[14.8539,36.7337]}},{"type":"Feature","properties":{"name":"Chaguaramas, Trinidad and Tobago"},"geometry":{"type":"Point","coordinates":[-61.6508,10.6862]}},{"type":"Feature","properties":{"name":"Totness, Suriname"},"geometry":{"type":"Point","coordinates":[-56.3754,5.8866]}},{"type":"Feature","properties":{"name":"Baillif, Guadeloupe"},"geometry":{"type":"Point","coordinates":[-61.7139,16.0289]}},{"type":"Feature","properties":{"name":"Needham’s Point, Barbados"},"geometry":{"type":"Point","coordinates":[-59.6127,13.0788]}},{"type":"Feature","properties":{"name":"Rodney Bay, Saint Lucia"},"geometry":{"type":"Point","coordinates":[-60.9886,14.0356]}},{"type":"Feature","properties":{"name":"St. Paul's Bay, Malta"},"geometry":{"type":"Point","coordinates":[14.4156,35.9505]}},{"type":"Feature","properties":{"name":"Banff, United Kingdom"},"geometry":{"type":"Point","coordinates":[-2.5237,57.6669]}},{"type":"Feature","properties":{"name":"Torshavn, Faroe Islands"},"geometry":{"type":"Point","coordinates":[-6.7718,62.0175]}},{"type":"Feature","properties":{"name":"Ayre of Cara, United Kingdom"},"geometry":{"type":"Point","coordinates":[-2.9001,58.8333]}},{"type":"Feature","properties":{"name":"Sandwick, United Kingdom"},"geometry":{"type":"Point","coordinates":[-1.2387,59.996]}},{"type":"Feature","properties":{"name":"Maywick, United Kingdom"},"geometry":{"type":"Point","coordinates":[-1.3238,60.004]}},{"type":"Feature","properties":{"name":"Cavite, Philippines"},"geometry":{"type":"Point","coordinates":[120.8201,14.2863]}},{"type":"Feature","properties":{"name":"Pa Li, Taiwan"},"geometry":{"type":"Point","coordinates":[121.3832,25.15]}},{"type":"Feature","properties":{"name":"Shindu-Ri, South Korea"},"geometry":{"type":"Point","coordinates":[126.3916,36.5763]}},{"type":"Feature","properties":{"name":"Tseung Kwan O, China"},"geometry":{"type":"Point","coordinates":[114.2587,22.3183]}},{"type":"Feature","properties":{"name":"Qingdao, China"},"geometry":{"type":"Point","coordinates":[120.3426,36.0871]}},{"type":"Feature","properties":{"name":"Chikura, Japan"},"geometry":{"type":"Point","coordinates":[139.9547,34.9767]}},{"type":"Feature","properties":{"name":"Tanshui, Taiwan"},"geometry":{"type":"Point","coordinates":[121.4626,25.1814]}},{"type":"Feature","properties":{"name":"Fangshan, Taiwan"},"geometry":{"type":"Point","coordinates":[120.6621,22.2493]}},{"type":"Feature","properties":{"name":"Batangas, Philippines"},"geometry":{"type":"Point","coordinates":[121.0649,13.7656]}},{"type":"Feature","properties":{"name":"Chung Hom Kok, China"},"geometry":{"type":"Point","coordinates":[114.203,22.222]}},{"type":"Feature","properties":{"name":"Changi South, Singapore"},"geometry":{"type":"Point","coordinates":[103.987,1.389]}},{"type":"Feature","properties":{"name":"Busan, South Korea"},"geometry":{"type":"Point","coordinates":[128.9993,35.1701]}},{"type":"Feature","properties":{"name":"Tanjung Bemban, Indonesia"},"geometry":{"type":"Point","coordinates":[104.1331,1.1732]}},{"type":"Feature","properties":{"name":"Kelibia, Tunisia"},"geometry":{"type":"Point","coordinates":[11.0899,36.8493]}},{"type":"Feature","properties":{"name":"Sventoji, Lithuania"},"geometry":{"type":"Point","coordinates":[21.0824,56.0283]}},{"type":"Feature","properties":{"name":"Liepaja, Latvia"},"geometry":{"type":"Point","coordinates":[21.0113,56.5082]}},{"type":"Feature","properties":{"name":"Kotka, Finland"},"geometry":{"type":"Point","coordinates":[26.8836,60.501]}},{"type":"Feature","properties":{"name":"Helsinki, Finland"},"geometry":{"type":"Point","coordinates":[24.9325,60.1711]}},{"type":"Feature","properties":{"name":"Stavsnas, Sweden"},"geometry":{"type":"Point","coordinates":[18.6883,59.2928]}},{"type":"Feature","properties":{"name":"Mariehamn, Finland"},"geometry":{"type":"Point","coordinates":[19.9379,60.1138]}},{"type":"Feature","properties":{"name":"Haradsholm, Finland"},"geometry":{"type":"Point","coordinates":[22.3021,60.301]}},{"type":"Feature","properties":{"name":"Tallinn, Estonia"},"geometry":{"type":"Point","coordinates":[24.7524,59.4362]}},{"type":"Feature","properties":{"name":"Stockholm, Sweden"},"geometry":{"type":"Point","coordinates":[18.0629,59.3322]}},{"type":"Feature","properties":{"name":"Toamasina, Madagascar"},"geometry":{"type":"Point","coordinates":[49.4003,-18.1462]}},{"type":"Feature","properties":{"name":"Sainte Marie, Réunion"},"geometry":{"type":"Point","coordinates":[55.5499,-20.8974]}},{"type":"Feature","properties":{"name":"Terre Rouge, Mauritius"},"geometry":{"type":"Point","coordinates":[57.5101,-20.0778]}},{"type":"Feature","properties":{"name":"Penmarch, France"},"geometry":{"type":"Point","coordinates":[-4.3387,47.8113]}},{"type":"Feature","properties":{"name":"Nouakchott, Mauritania"},"geometry":{"type":"Point","coordinates":[-15.9783,18.0839]}},{"type":"Feature","properties":{"name":"Banjul, Gambia"},"geometry":{"type":"Point","coordinates":[-16.5814,13.4559]}},{"type":"Feature","properties":{"name":"Conakry, Guinea"},"geometry":{"type":"Point","coordinates":[-13.7038,9.5136]}},{"type":"Feature","properties":{"name":"Freetown, Sierra Leone"},"geometry":{"type":"Point","coordinates":[-13.2381,8.4853]}},{"type":"Feature","properties":{"name":"Monrovia, Liberia"},"geometry":{"type":"Point","coordinates":[-10.7972,6.3001]}},{"type":"Feature","properties":{"name":"Kingstown, Saint Vincent and the Grenadines"},"geometry":{"type":"Point","coordinates":[-61.2083,13.1454]}},{"type":"Feature","properties":{"name":"Point Salines, Grenada"},"geometry":{"type":"Point","coordinates":[-61.7906,12.0088]}},{"type":"Feature","properties":{"name":"St. John’s, Antigua and Barbuda"},"geometry":{"type":"Point","coordinates":[-61.8579,17.0515]}},{"type":"Feature","properties":{"name":"Le Lamentin, Martinique"},"geometry":{"type":"Point","coordinates":[-61.0943,14.6155]}},{"type":"Feature","properties":{"name":"Canefield, Dominica"},"geometry":{"type":"Point","coordinates":[-61.3848,15.3033]}},{"type":"Feature","properties":{"name":"Seixal, Portugal"},"geometry":{"type":"Point","coordinates":[-9.1074,38.6423]}},{"type":"Feature","properties":{"name":"Accra, Ghana"},"geometry":{"type":"Point","coordinates":[-0.2011,5.5583]}},{"type":"Feature","properties":{"name":"Pohnpei, Micronesia"},"geometry":{"type":"Point","coordinates":[159.0703,7.7865]}},{"type":"Feature","properties":{"name":"Tarawa, Kiribati"},"geometry":{"type":"Point","coordinates":[172.9791,1.3291]}},{"type":"Feature","properties":{"name":"Yaren, Nauru"},"geometry":{"type":"Point","coordinates":[166.9211,0.5467]}},{"type":"Feature","properties":{"name":"Kosrae, Micronesia"},"geometry":{"type":"Point","coordinates":[163.0081,5.3279]}},{"type":"Feature","properties":{"name":"Kwajalein, Marshall Islands"},"geometry":{"type":"Point","coordinates":[167.4244,9.1898]}},{"type":"Feature","properties":{"name":"Lagos, Nigeria"},"geometry":{"type":"Point","coordinates":[3.4232,6.4389]}},{"type":"Feature","properties":{"name":"Apia, Samoa"},"geometry":{"type":"Point","coordinates":[-171.7667,-13.8337]}},{"type":"Feature","properties":{"name":"Pago Pago, American Samoa"},"geometry":{"type":"Point","coordinates":[-170.6957,-14.2765]}},{"type":"Feature","properties":{"name":"Sungai Kakap, Indonesia"},"geometry":{"type":"Point","coordinates":[109.1832,-0.0671]}},{"type":"Feature","properties":{"name":"Tripoli, Lebanon"},"geometry":{"type":"Point","coordinates":[35.8591,34.4394]}},{"type":"Feature","properties":{"name":"Marseille, France"},"geometry":{"type":"Point","coordinates":[5.3726,43.2932]}},{"type":"Feature","properties":{"name":"Chabahar, Iran"},"geometry":{"type":"Point","coordinates":[60.6296,25.2982]}},{"type":"Feature","properties":{"name":"Bandar Abbas, Iran"},"geometry":{"type":"Point","coordinates":[56.2744,27.1872]}},{"type":"Feature","properties":{"name":"Valdez, AK, United States"},"geometry":{"type":"Point","coordinates":[-146.3533,61.1304]}},{"type":"Feature","properties":{"name":"Coleraine, United Kingdom"},"geometry":{"type":"Point","coordinates":[-6.6762,55.1307]}},{"type":"Feature","properties":{"name":"Moroni, Comoros"},"geometry":{"type":"Point","coordinates":[43.2434,-11.7007]}},{"type":"Feature","properties":{"name":"Maria Chiquita, Panama"},"geometry":{"type":"Point","coordinates":[-79.7535,9.4373]}},{"type":"Feature","properties":{"name":"Alexandria, Egypt"},"geometry":{"type":"Point","coordinates":[29.8898,31.1919]}},{"type":"Feature","properties":{"name":"Matthew Town, Bahamas"},"geometry":{"type":"Point","coordinates":[-73.6831,20.9505]}},{"type":"Feature","properties":{"name":"Madang, Papua New Guinea"},"geometry":{"type":"Point","coordinates":[145.7848,-5.2337]}},{"type":"Feature","properties":{"name":"Vanimo, Papua New Guinea"},"geometry":{"type":"Point","coordinates":[141.2999,-2.6897]}},{"type":"Feature","properties":{"name":"Wewak, Papua New Guinea"},"geometry":{"type":"Point","coordinates":[143.6583,-3.58]}},{"type":"Feature","properties":{"name":"Lorengau, Papua New Guinea"},"geometry":{"type":"Point","coordinates":[147.279,-2.035]}},{"type":"Feature","properties":{"name":"Kavieng, Papua New Guinea"},"geometry":{"type":"Point","coordinates":[150.8086,-2.5781]}},{"type":"Feature","properties":{"name":"Kokopo, Papua New Guinea"},"geometry":{"type":"Point","coordinates":[152.2746,-4.3423]}},{"type":"Feature","properties":{"name":"Kimbe, Papua New Guinea"},"geometry":{"type":"Point","coordinates":[150.1387,-5.5512]}},{"type":"Feature","properties":{"name":"Arawa, Papua New Guinea"},"geometry":{"type":"Point","coordinates":[155.5678,-6.2256]}},{"type":"Feature","properties":{"name":"Lae, Papua New Guinea"},"geometry":{"type":"Point","coordinates":[146.993,-6.7428]}},{"type":"Feature","properties":{"name":"Popondetta, Papua New Guinea"},"geometry":{"type":"Point","coordinates":[148.2935,-8.6045]}},{"type":"Feature","properties":{"name":"Alotau, Papua New Guinea"},"geometry":{"type":"Point","coordinates":[150.4588,-10.3157]}},{"type":"Feature","properties":{"name":"Kerema, Papua New Guinea"},"geometry":{"type":"Point","coordinates":[145.7717,-7.9637]}},{"type":"Feature","properties":{"name":"Daru, Papua New Guinea"},"geometry":{"type":"Point","coordinates":[143.21,-9.0782]}},{"type":"Feature","properties":{"name":"Mtunzini, South Africa"},"geometry":{"type":"Point","coordinates":[31.7579,-28.9506]}},{"type":"Feature","properties":{"name":"Maputo, Mozambique"},"geometry":{"type":"Point","coordinates":[32.5806,-25.9685]}},{"type":"Feature","properties":{"name":"Dar Es Salaam, Tanzania"},"geometry":{"type":"Point","coordinates":[39.2697,-6.8232]}},{"type":"Feature","properties":{"name":"Suez, Egypt"},"geometry":{"type":"Point","coordinates":[32.5301,29.9723]}},{"type":"Feature","properties":{"name":"Catania, Italy"},"geometry":{"type":"Point","coordinates":[15.0674,37.5116]}},{"type":"Feature","properties":{"name":"Zafarana, Egypt"},"geometry":{"type":"Point","coordinates":[32.6499,29.1167]}},{"type":"Feature","properties":{"name":"Abu Talat, Egypt"},"geometry":{"type":"Point","coordinates":[29.7025,31.0718]}},{"type":"Feature","properties":{"name":"Poti, Georgia"},"geometry":{"type":"Point","coordinates":[41.6676,42.1508]}},{"type":"Feature","properties":{"name":"Balchik, Bulgaria"},"geometry":{"type":"Point","coordinates":[28.1674,43.4143]}},{"type":"Feature","properties":{"name":"Homer, AK, United States"},"geometry":{"type":"Point","coordinates":[-151.5443,59.6464]}},{"type":"Feature","properties":{"name":"Florence, OR, United States"},"geometry":{"type":"Point","coordinates":[-124.0998,43.9821]}},{"type":"Feature","properties":{"name":"Anchorage, AK, United States"},"geometry":{"type":"Point","coordinates":[-149.8584,61.2175]}},{"type":"Feature","properties":{"name":"Nikiski, AK, United States"},"geometry":{"type":"Point","coordinates":[-151.2917,60.6898]}},{"type":"Feature","properties":{"name":"Nuuk, Greenland"},"geometry":{"type":"Point","coordinates":[-51.73,64.1811]}},{"type":"Feature","properties":{"name":"Qaqortoq, Greenland"},"geometry":{"type":"Point","coordinates":[-46.0354,60.7189]}},{"type":"Feature","properties":{"name":"Landeyjar, Iceland"},"geometry":{"type":"Point","coordinates":[-20.1423,63.6422]}},{"type":"Feature","properties":{"name":"Wrangell, AK, United States"},"geometry":{"type":"Point","coordinates":[-132.3838,56.4708]}},{"type":"Feature","properties":{"name":"Petersburg, AK, United States"},"geometry":{"type":"Point","coordinates":[-132.97,56.8076]}},{"type":"Feature","properties":{"name":"Hawk Inlet, AK, United States"},"geometry":{"type":"Point","coordinates":[-134.7418,58.1281]}},{"type":"Feature","properties":{"name":"Angoon, AK, United States"},"geometry":{"type":"Point","coordinates":[-134.5823,57.5018]}},{"type":"Feature","properties":{"name":"Sitka, AK, United States"},"geometry":{"type":"Point","coordinates":[-135.3344,57.0529]}},{"type":"Feature","properties":{"name":"Port-au-Prince, Haiti"},"geometry":{"type":"Point","coordinates":[-72.3431,18.5427]}},{"type":"Feature","properties":{"name":"Redondo Beach, CA, United States"},"geometry":{"type":"Point","coordinates":[-118.388,33.8445]}},{"type":"Feature","properties":{"name":"Colombo, Sri Lanka"},"geometry":{"type":"Point","coordinates":[79.872,6.9267]}},{"type":"Feature","properties":{"name":"Al Faw, Iraq"},"geometry":{"type":"Point","coordinates":[48.5318,29.9233]}},{"type":"Feature","properties":{"name":"Port Antonio, Jamaica"},"geometry":{"type":"Point","coordinates":[-76.4461,18.1763]}},{"type":"Feature","properties":{"name":"Bull Bay, Jamaica"},"geometry":{"type":"Point","coordinates":[-76.6667,17.9499]}},{"type":"Feature","properties":{"name":"Negril, Jamaica"},"geometry":{"type":"Point","coordinates":[-78.3483,18.2787]}},{"type":"Feature","properties":{"name":"Montego Bay, Jamaica"},"geometry":{"type":"Point","coordinates":[-77.9214,18.4694]}},{"type":"Feature","properties":{"name":"Black River, Jamaica"},"geometry":{"type":"Point","coordinates":[-77.8484,18.0237]}},{"type":"Feature","properties":{"name":"Ocho Rios, Jamaica"},"geometry":{"type":"Point","coordinates":[-77.1032,18.3986]}},{"type":"Feature","properties":{"name":"Port Vila, Vanuatu"},"geometry":{"type":"Point","coordinates":[168.3228,-17.7303]}},{"type":"Feature","properties":{"name":"Jacksonville, FL, United States"},"geometry":{"type":"Point","coordinates":[-81.6557,30.3318]}},{"type":"Feature","properties":{"name":"Skalvik, Sweden"},"geometry":{"type":"Point","coordinates":[12.6833,56.6832]}},{"type":"Feature","properties":{"name":"Vestero, Denmark"},"geometry":{"type":"Point","coordinates":[10.967,57.2723]}},{"type":"Feature","properties":{"name":"Lyngsa, Denmark"},"geometry":{"type":"Point","coordinates":[10.5146,57.2448]}},{"type":"Feature","properties":{"name":"Deeside Clwyd, United Kingdom"},"geometry":{"type":"Point","coordinates":[-3.0276,53.2017]}},{"type":"Feature","properties":{"name":"Clonshaugh, Ireland"},"geometry":{"type":"Point","coordinates":[-6.1979,53.4101]}},{"type":"Feature","properties":{"name":"Glen Lyon, United Kingdom"},"geometry":{"type":"Point","coordinates":[-4.3334,60.3331]}},{"type":"Feature","properties":{"name":"Condado Beach, PR, United States"},"geometry":{"type":"Point","coordinates":[-66.078,18.4599]}},{"type":"Feature","properties":{"name":"Isla Verde, PR, United States"},"geometry":{"type":"Point","coordinates":[-66.0169,18.442]}},{"type":"Feature","properties":{"name":"Punta Salinas, PR, United States"},"geometry":{"type":"Point","coordinates":[-66.1858,18.473]}},{"type":"Feature","properties":{"name":"Butler Bay, Virgin Islands (U.S.)"},"geometry":{"type":"Point","coordinates":[-64.8805,17.7534]}},{"type":"Feature","properties":{"name":"St. Croix, Virgin Islands, Virgin Islands (U.S.)"},"geometry":{"type":"Point","coordinates":[-64.8194,17.7719]}},{"type":"Feature","properties":{"name":"Fortaleza, Brazil"},"geometry":{"type":"Point","coordinates":[-38.543,-3.7185]}},{"type":"Feature","properties":{"name":"Mumbai, India"},"geometry":{"type":"Point","coordinates":[72.8759,19.0761]}},{"type":"Feature","properties":{"name":"Lista, Norway"},"geometry":{"type":"Point","coordinates":[6.7869,58.0644]}},{"type":"Feature","properties":{"name":"Tanjung Pandan, Indonesia"},"geometry":{"type":"Point","coordinates":[107.6629,-2.7674]}},{"type":"Feature","properties":{"name":"Sines, Portugal"},"geometry":{"type":"Point","coordinates":[-8.8696,37.9572]}},{"type":"Feature","properties":{"name":"Tripoli, Libya"},"geometry":{"type":"Point","coordinates":[13.1873,32.8773]}},{"type":"Feature","properties":{"name":"Schoelcher, Martinique"},"geometry":{"type":"Point","coordinates":[-61.1121,14.629]}},{"type":"Feature","properties":{"name":"Willemstad, Curaçao"},"geometry":{"type":"Point","coordinates":[-68.8965,12.0956]}},{"type":"Feature","properties":{"name":"Mahuma, Curaçao"},"geometry":{"type":"Point","coordinates":[-68.9569,12.1689]}},{"type":"Feature","properties":{"name":"Hollywood, FL, United States"},"geometry":{"type":"Point","coordinates":[-80.1602,26.0105]}},{"type":"Feature","properties":{"name":"Puerto Cortes, Honduras"},"geometry":{"type":"Point","coordinates":[-87.9462,15.8452]}},{"type":"Feature","properties":{"name":"Half Moon Bay, Cayman Islands"},"geometry":{"type":"Point","coordinates":[-81.1668,19.283]}},{"type":"Feature","properties":{"name":"Puerto Limon, Costa Rica"},"geometry":{"type":"Point","coordinates":[-83.0377,9.9886]}},{"type":"Feature","properties":{"name":"Basseterre, Saint Kitts and Nevis"},"geometry":{"type":"Point","coordinates":[-62.7312,17.2986]}},{"type":"Feature","properties":{"name":"Dickenson Bay, Antigua and Barbuda"},"geometry":{"type":"Point","coordinates":[-61.8469,17.1596]}},{"type":"Feature","properties":{"name":"Luanda, Angola"},"geometry":{"type":"Point","coordinates":[13.235,-8.8127]}},{"type":"Feature","properties":{"name":"Cabinda, Angola"},"geometry":{"type":"Point","coordinates":[12.1898,-5.5565]}},{"type":"Feature","properties":{"name":"Soyo, Angola"},"geometry":{"type":"Point","coordinates":[12.3521,-6.141]}},{"type":"Feature","properties":{"name":"Sugar Dock, Saipan, Northern Mariana Islands"},"geometry":{"type":"Point","coordinates":[145.6996,15.1518]}},{"type":"Feature","properties":{"name":"Fukuoka, Japan"},"geometry":{"type":"Point","coordinates":[130.4017,33.5904]}},{"type":"Feature","properties":{"name":"Dawu, Taiwan"},"geometry":{"type":"Point","coordinates":[120.8898,22.3405]}},{"type":"Feature","properties":{"name":"Auckland, New Zealand"},"geometry":{"type":"Point","coordinates":[174.7704,-36.8842]}},{"type":"Feature","properties":{"name":"Brisbane, QLD, Australia"},"geometry":{"type":"Point","coordinates":[153.0228,-27.4689]}},{"type":"Feature","properties":{"name":"Aqaba, Jordan"},"geometry":{"type":"Point","coordinates":[35.0051,29.581]}},{"type":"Feature","properties":{"name":"Haql, Saudi Arabia"},"geometry":{"type":"Point","coordinates":[34.9522,29.2839]}},{"type":"Feature","properties":{"name":"Tympaki, Greece"},"geometry":{"type":"Point","coordinates":[24.7683,35.0714]}},{"type":"Feature","properties":{"name":"Cancún, Mexico"},"geometry":{"type":"Point","coordinates":[-86.7676,21.0957]}},{"type":"Feature","properties":{"name":"Tolu, Colombia"},"geometry":{"type":"Point","coordinates":[-75.5587,9.4967]}},{"type":"Feature","properties":{"name":"St. David’s, Bermuda"},"geometry":{"type":"Point","coordinates":[-64.7695,32.3122]}},{"type":"Feature","properties":{"name":"Holyhead, United Kingdom"},"geometry":{"type":"Point","coordinates":[-4.6304,53.306]}},{"type":"Feature","properties":{"name":"Kuwait City, Kuwait"},"geometry":{"type":"Point","coordinates":[47.9747,29.374]}},{"type":"Feature","properties":{"name":"Bushehr, Iran"},"geometry":{"type":"Point","coordinates":[50.8427,28.97]}},{"type":"Feature","properties":{"name":"Al Khobar, Saudi Arabia"},"geometry":{"type":"Point","coordinates":[50.2142,26.2862]}},{"type":"Feature","properties":{"name":"Shantou, China"},"geometry":{"type":"Point","coordinates":[116.6755,23.3546]}},{"type":"Feature","properties":{"name":"Breivika, Norway"},"geometry":{"type":"Point","coordinates":[16.5532,68.735]}},{"type":"Feature","properties":{"name":"Longyearbyen, Svalbard, Norway"},"geometry":{"type":"Point","coordinates":[15.6488,78.2185]}},{"type":"Feature","properties":{"name":"Pentaskhinos, Cyprus"},"geometry":{"type":"Point","coordinates":[33.6036,34.8285]}},{"type":"Feature","properties":{"name":"Fuzhou, China"},"geometry":{"type":"Point","coordinates":[119.6186,25.7801]}},{"type":"Feature","properties":{"name":"Yzerfontein, South Africa"},"geometry":{"type":"Point","coordinates":[18.1555,-33.3482]}},{"type":"Feature","properties":{"name":"Swakopmund, Namibia"},"geometry":{"type":"Point","coordinates":[14.5281,-22.6783]}},{"type":"Feature","properties":{"name":"Abidjan, Côte d'Ivoire"},"geometry":{"type":"Point","coordinates":[-4.0262,5.3235]}},{"type":"Feature","properties":{"name":"Cotonou, Benin"},"geometry":{"type":"Point","coordinates":[2.4399,6.3566]}},{"type":"Feature","properties":{"name":"Libreville, Gabon"},"geometry":{"type":"Point","coordinates":[9.4544,0.3943]}},{"type":"Feature","properties":{"name":"Muanda, Congo, Dem. Rep."},"geometry":{"type":"Point","coordinates":[12.3499,-5.9334]}},{"type":"Feature","properties":{"name":"Pointe-Noire, Congo, Rep."},"geometry":{"type":"Point","coordinates":[11.8636,-4.7791]}},{"type":"Feature","properties":{"name":"Lome, Togo"},"geometry":{"type":"Point","coordinates":[1.2278,6.126]}},{"type":"Feature","properties":{"name":"Praia, Cape Verde"},"geometry":{"type":"Point","coordinates":[-23.5212,14.923]}},{"type":"Feature","properties":{"name":"El Goro, Canary Islands, Spain"},"geometry":{"type":"Point","coordinates":[-15.3987,27.9594]}},{"type":"Feature","properties":{"name":"Guningtou, Taiwan"},"geometry":{"type":"Point","coordinates":[118.3071,24.4761]}},{"type":"Feature","properties":{"name":"Lake Ci, Taiwan"},"geometry":{"type":"Point","coordinates":[118.2897,24.4555]}},{"type":"Feature","properties":{"name":"Bata, Equatorial Guinea"},"geometry":{"type":"Point","coordinates":[9.7682,1.8601]}},{"type":"Feature","properties":{"name":"Dadeng Island, China"},"geometry":{"type":"Point","coordinates":[118.301,24.5567]}},{"type":"Feature","properties":{"name":"Guanyin Mountain, China"},"geometry":{"type":"Point","coordinates":[118.189,24.4939]}},{"type":"Feature","properties":{"name":"Victoria, Seychelles"},"geometry":{"type":"Point","coordinates":[55.4451,-4.6176]}},{"type":"Feature","properties":{"name":"Brean, United Kingdom"},"geometry":{"type":"Point","coordinates":[-3.0109,51.2937]}},{"type":"Feature","properties":{"name":"Tel Aviv, Israel"},"geometry":{"type":"Point","coordinates":[34.7697,32.0446]}},{"type":"Feature","properties":{"name":"Bari, Italy"},"geometry":{"type":"Point","coordinates":[16.8667,41.1255]}},{"type":"Feature","properties":{"name":"Al Hidd, Bahrain"},"geometry":{"type":"Point","coordinates":[50.6562,26.2416]}},{"type":"Feature","properties":{"name":"Al Daayen, Qatar"},"geometry":{"type":"Point","coordinates":[51.4519,25.5386]}},{"type":"Feature","properties":{"name":"Melaka, Malaysia"},"geometry":{"type":"Point","coordinates":[102.2209,2.2732]}},{"type":"Feature","properties":{"name":"Qalhat, Oman"},"geometry":{"type":"Point","coordinates":[59.3667,22.7]}},{"type":"Feature","properties":{"name":"Telisai, Brunei"},"geometry":{"type":"Point","coordinates":[114.5706,4.7037]}},{"type":"Feature","properties":{"name":"Papenoo, French Polynesia"},"geometry":{"type":"Point","coordinates":[-149.4411,-17.5123]}},{"type":"Feature","properties":{"name":"Lowestoft, United Kingdom"},"geometry":{"type":"Point","coordinates":[1.7292,52.4714]}},{"type":"Feature","properties":{"name":"Kårstø, Norway"},"geometry":{"type":"Point","coordinates":[5.5244,59.2793]}},{"type":"Feature","properties":{"name":"Limbe, Cameroon"},"geometry":{"type":"Point","coordinates":[9.2085,4.0145]}},{"type":"Feature","properties":{"name":"Oran, Algeria"},"geometry":{"type":"Point","coordinates":[-0.642,35.7016]}},{"type":"Feature","properties":{"name":"Valencia, Spain"},"geometry":{"type":"Point","coordinates":[-0.377,39.4683]}},{"type":"Feature","properties":{"name":"Kribi, Cameroon"},"geometry":{"type":"Point","coordinates":[9.9104,2.9329]}},{"type":"Feature","properties":{"name":"Derna, Libya"},"geometry":{"type":"Point","coordinates":[22.6392,32.7636]}},{"type":"Feature","properties":{"name":"Chania, Greece"},"geometry":{"type":"Point","coordinates":[24.0122,35.5118]}},{"type":"Feature","properties":{"name":"Harbour View, Jamaica"},"geometry":{"type":"Point","coordinates":[-76.7169,17.9497]}},{"type":"Feature","properties":{"name":"Haina, Dominican Republic"},"geometry":{"type":"Point","coordinates":[-70.1618,18.699]}},{"type":"Feature","properties":{"name":"Nanny Cay, Virgin Islands (U.K.)"},"geometry":{"type":"Point","coordinates":[-64.5972,18.4148]}},{"type":"Feature","properties":{"name":"Nyali, Kenya"},"geometry":{"type":"Point","coordinates":[39.7,-4.0505]}},{"type":"Feature","properties":{"name":"Kaweni, Mayotte"},"geometry":{"type":"Point","coordinates":[45.1659,-12.8171]}},{"type":"Feature","properties":{"name":"Amwaj Island, Bahrain"},"geometry":{"type":"Point","coordinates":[50.5758,26.229]}},{"type":"Feature","properties":{"name":"Al-Kheesa, Qatar"},"geometry":{"type":"Point","coordinates":[51.5194,25.2943]}},{"type":"Feature","properties":{"name":"Dubai, United Arab Emirates"},"geometry":{"type":"Point","coordinates":[55.3084,25.2693]}},{"type":"Feature","properties":{"name":"Gedser, Denmark"},"geometry":{"type":"Point","coordinates":[11.929,54.5763]}},{"type":"Feature","properties":{"name":"Sandymount, Ireland"},"geometry":{"type":"Point","coordinates":[-6.2154,53.3314]}},{"type":"Feature","properties":{"name":"Punto Fijo, Venezuela"},"geometry":{"type":"Point","coordinates":[-70.2044,11.7086]}},{"type":"Feature","properties":{"name":"Wada, Japan"},"geometry":{"type":"Point","coordinates":[140.0168,35.0358]}},{"type":"Feature","properties":{"name":"Lynnwood, WA, United States"},"geometry":{"type":"Point","coordinates":[-122.3159,47.824]}},{"type":"Feature","properties":{"name":"Melkbosstrand, South Africa"},"geometry":{"type":"Point","coordinates":[18.4458,-33.7272]}},{"type":"Feature","properties":{"name":"Barranquilla, Colombia"},"geometry":{"type":"Point","coordinates":[-74.7798,10.9405]}},{"type":"Feature","properties":{"name":"Los Angeles, CA, United States"},"geometry":{"type":"Point","coordinates":[-118.2453,34.0534]}},{"type":"Feature","properties":{"name":"Toyohashi, Japan"},"geometry":{"type":"Point","coordinates":[137.3916,34.7691]}},{"type":"Feature","properties":{"name":"Pedersker, Denmark"},"geometry":{"type":"Point","coordinates":[14.9922,55.0309]}},{"type":"Feature","properties":{"name":"Emi, Japan"},"geometry":{"type":"Point","coordinates":[140.0611,35.0624]}},{"type":"Feature","properties":{"name":"Kilmore Quay, Ireland"},"geometry":{"type":"Point","coordinates":[-6.5841,52.1746]}},{"type":"Feature","properties":{"name":"Oxwich Bay, United Kingdom"},"geometry":{"type":"Point","coordinates":[-4.1696,51.5578]}},{"type":"Feature","properties":{"name":"North Miami Beach, FL, United States"},"geometry":{"type":"Point","coordinates":[-80.1624,25.9329]}},{"type":"Feature","properties":{"name":"Katthammarsvik, Sweden"},"geometry":{"type":"Point","coordinates":[18.8453,57.431]}},{"type":"Feature","properties":{"name":"Alta Vista, Canary Islands, Spain"},"geometry":{"type":"Point","coordinates":[-15.7,27.9995]}},{"type":"Feature","properties":{"name":"Cacuaco, Angola"},"geometry":{"type":"Point","coordinates":[13.3723,-8.7767]}},{"type":"Feature","properties":{"name":"Douala, Cameroon"},"geometry":{"type":"Point","coordinates":[9.7063,4.0471]}},{"type":"Feature","properties":{"name":"Kochi, India"},"geometry":{"type":"Point","coordinates":[76.2696,9.9381]}},{"type":"Feature","properties":{"name":"Baie Jacotet, Mauritius"},"geometry":{"type":"Point","coordinates":[57.4854,-20.474]}},{"type":"Feature","properties":{"name":"Saint Paul, Réunion"},"geometry":{"type":"Point","coordinates":[55.2791,-21.0002]}},{"type":"Feature","properties":{"name":"Colón, Panama"},"geometry":{"type":"Point","coordinates":[-79.9,9.3537]}},{"type":"Feature","properties":{"name":"Kołobrzeg, Poland"},"geometry":{"type":"Point","coordinates":[15.5749,54.1723]}},{"type":"Feature","properties":{"name":"Ystad, Sweden"},"geometry":{"type":"Point","coordinates":[13.8283,55.4313]}},{"type":"Feature","properties":{"name":"Logi, Russia"},"geometry":{"type":"Point","coordinates":[28.4999,59.7999]}},{"type":"Feature","properties":{"name":"Maiquetia, Venezuela"},"geometry":{"type":"Point","coordinates":[-66.9603,10.5994]}},{"type":"Feature","properties":{"name":"Funningsfjordur, Faroe Islands"},"geometry":{"type":"Point","coordinates":[-6.9281,62.2441]}},{"type":"Feature","properties":{"name":"Seydisfjordur, Iceland"},"geometry":{"type":"Point","coordinates":[-14.018,65.2513]}},{"type":"Feature","properties":{"name":"Plerin, France"},"geometry":{"type":"Point","coordinates":[-2.7681,48.5347]}},{"type":"Feature","properties":{"name":"Porto Rafti, Greece"},"geometry":{"type":"Point","coordinates":[24.0114,37.8882]}},{"type":"Feature","properties":{"name":"Syros, Greece"},"geometry":{"type":"Point","coordinates":[24.936,37.4416]}},{"type":"Feature","properties":{"name":"Athens, Greece"},"geometry":{"type":"Point","coordinates":[23.7363,37.9761]}},{"type":"Feature","properties":{"name":"Ses Covetes, Spain"},"geometry":{"type":"Point","coordinates":[2.971,39.3545]}},{"type":"Feature","properties":{"name":"Kitakyushu, Japan"},"geometry":{"type":"Point","coordinates":[131.032,33.8393]}},{"type":"Feature","properties":{"name":"Dunnet Bay, United Kingdom"},"geometry":{"type":"Point","coordinates":[-3.3462,58.6153]}},{"type":"Feature","properties":{"name":"Harbour Pointe, WA, United States"},"geometry":{"type":"Point","coordinates":[-122.3022,47.8862]}},{"type":"Feature","properties":{"name":"Port Sudan, Sudan"},"geometry":{"type":"Point","coordinates":[37.2197,19.6156]}},{"type":"Feature","properties":{"name":"Caves Point, Bahamas"},"geometry":{"type":"Point","coordinates":[-77.453,25.0685]}},{"type":"Feature","properties":{"name":"Current, Bahamas"},"geometry":{"type":"Point","coordinates":[-76.7877,25.4078]}},{"type":"Feature","properties":{"name":"Sandy Point, Bahamas"},"geometry":{"type":"Point","coordinates":[-77.3995,26.0252]}},{"type":"Feature","properties":{"name":"Highbridge, United Kingdom"},"geometry":{"type":"Point","coordinates":[-2.975,51.2222]}},{"type":"Feature","properties":{"name":"Bilbao, Spain"},"geometry":{"type":"Point","coordinates":[-2.9462,43.2683]}},{"type":"Feature","properties":{"name":"El Médano, Canary Islands, Spain"},"geometry":{"type":"Point","coordinates":[-16.5386,28.0467]}},{"type":"Feature","properties":{"name":"Tétouan, Morocco"},"geometry":{"type":"Point","coordinates":[-5.3918,35.5659]}},{"type":"Feature","properties":{"name":"Tulum, Mexico"},"geometry":{"type":"Point","coordinates":[-87.4636,20.2126]}},{"type":"Feature","properties":{"name":"Hawksbill, Bahamas"},"geometry":{"type":"Point","coordinates":[-78.7368,26.5169]}},{"type":"Feature","properties":{"name":"Belize City, Belize"},"geometry":{"type":"Point","coordinates":[-88.1816,17.4955]}},{"type":"Feature","properties":{"name":"Cumaná, Venezuela"},"geometry":{"type":"Point","coordinates":[-64.1821,10.4543]}},{"type":"Feature","properties":{"name":"Porlamar, Venezuela"},"geometry":{"type":"Point","coordinates":[-63.8476,10.9553]}},{"type":"Feature","properties":{"name":"Carúpano, Venezuela"},"geometry":{"type":"Point","coordinates":[-63.2505,10.6668]}},{"type":"Feature","properties":{"name":"Maracaibo, Venezuela"},"geometry":{"type":"Point","coordinates":[-71.5984,10.6882]}},{"type":"Feature","properties":{"name":"Cabimas, Venezuela"},"geometry":{"type":"Point","coordinates":[-71.4511,10.396]}},{"type":"Feature","properties":{"name":"Chichiriviche, Venezuela"},"geometry":{"type":"Point","coordinates":[-68.2845,10.9286]}},{"type":"Feature","properties":{"name":"Higuerote, Venezuela"},"geometry":{"type":"Point","coordinates":[-66.0981,10.4803]}},{"type":"Feature","properties":{"name":"Cartagena, Colombia"},"geometry":{"type":"Point","coordinates":[-75.5057,10.3867]}},{"type":"Feature","properties":{"name":"Cat Island, Bahamas"},"geometry":{"type":"Point","coordinates":[-75.5259,24.4033]}},{"type":"Feature","properties":{"name":"Paddington, NSW, Australia"},"geometry":{"type":"Point","coordinates":[151.2287,-33.8821]}},{"type":"Feature","properties":{"name":"Oxford Falls, NSW, Australia"},"geometry":{"type":"Point","coordinates":[151.2451,-33.7374]}},{"type":"Feature","properties":{"name":"Tumon Bay, Guam"},"geometry":{"type":"Point","coordinates":[144.8006,13.5136]}},{"type":"Feature","properties":{"name":"Puerto San Jose, Guatemala"},"geometry":{"type":"Point","coordinates":[-90.8222,13.9346]}},{"type":"Feature","properties":{"name":"Vero Beach, FL, United States"},"geometry":{"type":"Point","coordinates":[-80.3943,27.6384]}},{"type":"Feature","properties":{"name":"Eight-Mile Rock, Bahamas"},"geometry":{"type":"Point","coordinates":[-78.8029,26.5396]}},{"type":"Feature","properties":{"name":"Mazatlán, Mexico"},"geometry":{"type":"Point","coordinates":[-106.4219,23.1995]}},{"type":"Feature","properties":{"name":"Puerto Cabezas, Nicaragua"},"geometry":{"type":"Point","coordinates":[-83.3939,14.0216]}},{"type":"Feature","properties":{"name":"Chongming, China"},"geometry":{"type":"Point","coordinates":[121.3952,31.6199]}},{"type":"Feature","properties":{"name":"Bandon, OR, United States"},"geometry":{"type":"Point","coordinates":[-124.4082,43.1186]}},{"type":"Feature","properties":{"name":"Coro, Venezuela"},"geometry":{"type":"Point","coordinates":[-69.6778,11.4028]}},{"type":"Feature","properties":{"name":"Puerto Cabello, Venezuela"},"geometry":{"type":"Point","coordinates":[-68.0096,10.4781]}},{"type":"Feature","properties":{"name":"Puerto La Cruz, Venezuela"},"geometry":{"type":"Point","coordinates":[-64.6449,10.2025]}},{"type":"Feature","properties":{"name":"Lannion, France"},"geometry":{"type":"Point","coordinates":[-3.4599,48.7303]}},{"type":"Feature","properties":{"name":"Shirley, NY, United States"},"geometry":{"type":"Point","coordinates":[-72.8722,40.8003]}},{"type":"Feature","properties":{"name":"Manasquan, NJ, United States"},"geometry":{"type":"Point","coordinates":[-74.047,40.1233]}},{"type":"Feature","properties":{"name":"Tong Fuk, China"},"geometry":{"type":"Point","coordinates":[113.9321,22.2274]}},{"type":"Feature","properties":{"name":"Bellport, NY, United States"},"geometry":{"type":"Point","coordinates":[-72.9378,40.7555]}},{"type":"Feature","properties":{"name":"Puerto Viejo, Venezuela"},"geometry":{"type":"Point","coordinates":[-67.03,10.6112]}},{"type":"Feature","properties":{"name":"Skewjack, United Kingdom"},"geometry":{"type":"Point","coordinates":[-5.6751,50.0636]}},{"type":"Feature","properties":{"name":"Lena Point, AK, United States"},"geometry":{"type":"Point","coordinates":[-134.7473,58.5509]}},{"type":"Feature","properties":{"name":"Whittier, AK, United States"},"geometry":{"type":"Point","coordinates":[-148.6847,60.7729]}},{"type":"Feature","properties":{"name":"Kärdla, Estonia"},"geometry":{"type":"Point","coordinates":[22.738,59.0009]}},{"type":"Feature","properties":{"name":"Chennai, India"},"geometry":{"type":"Point","coordinates":[80.2431,13.0635]}},{"type":"Feature","properties":{"name":"Tirat Carmel, Israel"},"geometry":{"type":"Point","coordinates":[34.9719,32.7617]}},{"type":"Feature","properties":{"name":"Istanbul, Turkey"},"geometry":{"type":"Point","coordinates":[28.9861,41.0406]}},{"type":"Feature","properties":{"name":"Sochi, Russia"},"geometry":{"type":"Point","coordinates":[39.7258,43.6155]}},{"type":"Feature","properties":{"name":"Juneau, AK, United States"},"geometry":{"type":"Point","coordinates":[-134.4069,58.2995]}},{"type":"Feature","properties":{"name":"Doha, Qatar"},"geometry":{"type":"Point","coordinates":[51.5194,25.2943]}},{"type":"Feature","properties":{"name":"Manama, Bahrain"},"geometry":{"type":"Point","coordinates":[50.5758,26.229]}},{"type":"Feature","properties":{"name":"Ishikari, Japan"},"geometry":{"type":"Point","coordinates":[141.3154,43.1712]}},{"type":"Feature","properties":{"name":"Nevelsk, Russia"},"geometry":{"type":"Point","coordinates":[141.8592,46.6844]}},{"type":"Feature","properties":{"name":"Kenai, AK, United States"},"geometry":{"type":"Point","coordinates":[-151.2598,60.5529]}},{"type":"Feature","properties":{"name":"Kurilsk, Russia"},"geometry":{"type":"Point","coordinates":[147.8815,45.0867]}},{"type":"Feature","properties":{"name":"Yuzhno Kurilsk, Russia"},"geometry":{"type":"Point","coordinates":[145.8586,44.0345]}},{"type":"Feature","properties":{"name":"Krabozavodskoye, Russia"},"geometry":{"type":"Point","coordinates":[146.7472,43.7936]}},{"type":"Feature","properties":{"name":"Kodiak, AK, United States"},"geometry":{"type":"Point","coordinates":[-152.3953,57.7941]}},{"type":"Feature","properties":{"name":"Seward, AK, United States"},"geometry":{"type":"Point","coordinates":[-149.4431,60.1122]}},{"type":"Feature","properties":{"name":"Narrow Cape, AK, United States"},"geometry":{"type":"Point","coordinates":[-152.3292,57.4268]}},{"type":"Feature","properties":{"name":"Vladivostok, Russia"},"geometry":{"type":"Point","coordinates":[131.9108,43.1546]}},{"type":"Feature","properties":{"name":"Teriberka, Russia"},"geometry":{"type":"Point","coordinates":[35.1142,69.184]}},{"type":"Feature","properties":{"name":"Amderma, Russia"},"geometry":{"type":"Point","coordinates":[61.6637,69.7512]}},{"type":"Feature","properties":{"name":"Tiksi, Russia"},"geometry":{"type":"Point","coordinates":[128.8645,71.6375]}},{"type":"Feature","properties":{"name":"Pevek, Russia"},"geometry":{"type":"Point","coordinates":[170.307,69.7029]}},{"type":"Feature","properties":{"name":"Anadyr, Russia"},"geometry":{"type":"Point","coordinates":[177.5021,64.7272]}},{"type":"Feature","properties":{"name":"Male, Maldives"},"geometry":{"type":"Point","coordinates":[73.4999,4.1663]}},{"type":"Feature","properties":{"name":"Trivandrum, India"},"geometry":{"type":"Point","coordinates":[76.9702,8.7981]}},{"type":"Feature","properties":{"name":"Unqui, Costa Rica"},"geometry":{"type":"Point","coordinates":[-84.4543,9.5259]}},{"type":"Feature","properties":{"name":"Noumea, New Caledonia"},"geometry":{"type":"Point","coordinates":[166.4392,-22.3033]}},{"type":"Feature","properties":{"name":"Asilah, Morocco"},"geometry":{"type":"Point","coordinates":[-6.0358,35.4708]}},{"type":"Feature","properties":{"name":"Geoje, South Korea"},"geometry":{"type":"Point","coordinates":[128.6212,34.8943]}},{"type":"Feature","properties":{"name":"Nedonna Beach, OR, United States"},"geometry":{"type":"Point","coordinates":[-123.9401,45.6437]}},{"type":"Feature","properties":{"name":"Siboney, Cuba"},"geometry":{"type":"Point","coordinates":[-75.7124,19.9636]}},{"type":"Feature","properties":{"name":"La Guaira, Venezuela"},"geometry":{"type":"Point","coordinates":[-66.8896,10.6032]}},{"type":"Feature","properties":{"name":"Crown Haven, Bahamas"},"geometry":{"type":"Point","coordinates":[-77.822,26.9125]}},{"type":"Feature","properties":{"name":"Riding Point, Bahamas"},"geometry":{"type":"Point","coordinates":[-78.1517,26.7031]}},{"type":"Feature","properties":{"name":"Punta Carnero, Ecuador"},"geometry":{"type":"Point","coordinates":[-80.9144,-2.2729]}},{"type":"Feature","properties":{"name":"Mancora, Peru"},"geometry":{"type":"Point","coordinates":[-81.0538,-4.154]}},{"type":"Feature","properties":{"name":"Ponta Delgada, Portugal"},"geometry":{"type":"Point","coordinates":[-25.6688,37.7392]}},{"type":"Feature","properties":{"name":"Sriracha, Thailand"},"geometry":{"type":"Point","coordinates":[100.9306,13.1744]}},{"type":"Feature","properties":{"name":"Vung Tau, Vietnam"},"geometry":{"type":"Point","coordinates":[107.0792,10.3418]}},{"type":"Feature","properties":{"name":"Lantau Island, China"},"geometry":{"type":"Point","coordinates":[113.9483,22.2715]}},{"type":"Feature","properties":{"name":"Ballesteros, Philippines"},"geometry":{"type":"Point","coordinates":[121.514,18.4094]}},{"type":"Feature","properties":{"name":"Deep Water Bay, China"},"geometry":{"type":"Point","coordinates":[114.184,22.2494]}},{"type":"Feature","properties":{"name":"Morant Point, Jamaica"},"geometry":{"type":"Point","coordinates":[-76.1843,17.9184]}},{"type":"Feature","properties":{"name":"Petropavlovsk-Kamchatsky, Russia"},"geometry":{"type":"Point","coordinates":[158.65,53.0167]}},{"type":"Feature","properties":{"name":"Yuzhno-Sakhalinsk, Russia"},"geometry":{"type":"Point","coordinates":[142.7262,46.949]}},{"type":"Feature","properties":{"name":"Dikson, Russia"},"geometry":{"type":"Point","coordinates":[80.531,73.5077]}},{"type":"Feature","properties":{"name":"Nahodka, Russia"},"geometry":{"type":"Point","coordinates":[132.8913,42.8345]}},{"type":"Feature","properties":{"name":"Joetsu, Japan"},"geometry":{"type":"Point","coordinates":[138.2361,37.1478]}},{"type":"Feature","properties":{"name":"Dumpton Gap, United Kingdom"},"geometry":{"type":"Point","coordinates":[1.4393,51.3586]}},{"type":"Feature","properties":{"name":"Bredene, Belgium"},"geometry":{"type":"Point","coordinates":[2.9619,51.2464]}},{"type":"Feature","properties":{"name":"Kungsbacka, Sweden"},"geometry":{"type":"Point","coordinates":[12.0762,57.4875]}},{"type":"Feature","properties":{"name":"Helsingborg, Sweden"},"geometry":{"type":"Point","coordinates":[12.6959,56.0438]}},{"type":"Feature","properties":{"name":"Saeby, Denmark"},"geometry":{"type":"Point","coordinates":[10.5166,57.3308]}},{"type":"Feature","properties":{"name":"Helsingør, Denmark"},"geometry":{"type":"Point","coordinates":[12.5922,56.0304]}},{"type":"Feature","properties":{"name":"Dragor, Denmark"},"geometry":{"type":"Point","coordinates":[12.6702,55.5935]}},{"type":"Feature","properties":{"name":"Bunkeflostand, Sweden"},"geometry":{"type":"Point","coordinates":[12.9187,55.5568]}},{"type":"Feature","properties":{"name":"Tuborg, Denmark"},"geometry":{"type":"Point","coordinates":[12.5456,55.722]}},{"type":"Feature","properties":{"name":"Barsebäck, Sweden"},"geometry":{"type":"Point","coordinates":[12.9554,55.7704]}},{"type":"Feature","properties":{"name":"Ballygrangans, Ireland"},"geometry":{"type":"Point","coordinates":[-6.5588,52.1841]}},{"type":"Feature","properties":{"name":"Ballinesker, Ireland"},"geometry":{"type":"Point","coordinates":[-6.3649,52.4015]}},{"type":"Feature","properties":{"name":"Blackpool, United Kingdom"},"geometry":{"type":"Point","coordinates":[-3.0508,53.8087]}},{"type":"Feature","properties":{"name":"Jask, Iran"},"geometry":{"type":"Point","coordinates":[57.7974,25.6812]}},{"type":"Feature","properties":{"name":"Tartous, Syria"},"geometry":{"type":"Point","coordinates":[35.8978,34.8917]}},{"type":"Feature","properties":{"name":"Beirut, Lebanon"},"geometry":{"type":"Point","coordinates":[35.4852,33.8925]}},{"type":"Feature","properties":{"name":"Saida, Lebanon"},"geometry":{"type":"Point","coordinates":[35.3863,33.4502]}},{"type":"Feature","properties":{"name":"Cayman Brac, Cayman Islands"},"geometry":{"type":"Point","coordinates":[-79.8776,19.6903]}},{"type":"Feature","properties":{"name":"Zandvoort, Netherlands"},"geometry":{"type":"Point","coordinates":[4.5272,52.3704]}},{"type":"Feature","properties":{"name":"Pevensey Bay, United Kingdom"},"geometry":{"type":"Point","coordinates":[0.3667,50.819]}},{"type":"Feature","properties":{"name":"Cayeux-sur-Mer, France"},"geometry":{"type":"Point","coordinates":[1.4934,50.1788]}},{"type":"Feature","properties":{"name":"Broadstairs, United Kingdom"},"geometry":{"type":"Point","coordinates":[1.4394,51.3589]}},{"type":"Feature","properties":{"name":"Ostend, Belgium"},"geometry":{"type":"Point","coordinates":[2.9127,51.2311]}},{"type":"Feature","properties":{"name":"Puttgarden, Germany"},"geometry":{"type":"Point","coordinates":[11.2125,54.4961]}},{"type":"Feature","properties":{"name":"Rodbyhavn, Denmark"},"geometry":{"type":"Point","coordinates":[11.3587,54.6631]}},{"type":"Feature","properties":{"name":"Balluta Bay, Malta"},"geometry":{"type":"Point","coordinates":[14.38,35.9341]}},{"type":"Feature","properties":{"name":"Abu Dhabi, United Arab Emirates"},"geometry":{"type":"Point","coordinates":[54.4189,24.4438]}},{"type":"Feature","properties":{"name":"Warrenton, OR, United States"},"geometry":{"type":"Point","coordinates":[-123.9239,46.1651]}},{"type":"Feature","properties":{"name":"Ganaveh, Iran"},"geometry":{"type":"Point","coordinates":[50.5211,29.5707]}},{"type":"Feature","properties":{"name":"Toliara, Madagascar"},"geometry":{"type":"Point","coordinates":[43.6631,-23.3548]}},{"type":"Feature","properties":{"name":"Saint Maarten, Sint Maarten"},"geometry":{"type":"Point","coordinates":[-63.0737,18.031]}},{"type":"Feature","properties":{"name":"Halul Island, Qatar"},"geometry":{"type":"Point","coordinates":[52.4203,25.6686]}},{"type":"Feature","properties":{"name":"Das Island, United Arab Emirates"},"geometry":{"type":"Point","coordinates":[52.866,25.1526]}},{"type":"Feature","properties":{"name":"Farosund, Sweden"},"geometry":{"type":"Point","coordinates":[19.0553,57.863]}},{"type":"Feature","properties":{"name":"Al Safat, Kuwait"},"geometry":{"type":"Point","coordinates":[47.9765,29.3699]}},{"type":"Feature","properties":{"name":"Khasab, Oman"},"geometry":{"type":"Point","coordinates":[56.2468,26.1813]}},{"type":"Feature","properties":{"name":"Annaba, Algeria"},"geometry":{"type":"Point","coordinates":[7.7554,36.9023]}},{"type":"Feature","properties":{"name":"Algiers, Algeria"},"geometry":{"type":"Point","coordinates":[3.0318,36.7653]}},{"type":"Feature","properties":{"name":"Al Ghaydah, Yemen"},"geometry":{"type":"Point","coordinates":[52.1824,16.2104]}},{"type":"Feature","properties":{"name":"Al Hudaydah, Yemen"},"geometry":{"type":"Point","coordinates":[42.9545,14.7978]}},{"type":"Feature","properties":{"name":"Kokkini, Greece"},"geometry":{"type":"Point","coordinates":[19.924,39.7538]}},{"type":"Feature","properties":{"name":"Palermo, Italy"},"geometry":{"type":"Point","coordinates":[13.3584,38.1215]}},{"type":"Feature","properties":{"name":"Bizerte, Tunisia"},"geometry":{"type":"Point","coordinates":[9.8674,37.2763]}},{"type":"Feature","properties":{"name":"Cox’s Bazar, Bangladesh"},"geometry":{"type":"Point","coordinates":[91.9949,21.4292]}},{"type":"Feature","properties":{"name":"Tuticorine, India"},"geometry":{"type":"Point","coordinates":[78.1451,8.8022]}},{"type":"Feature","properties":{"name":"Ventspils, Latvia"},"geometry":{"type":"Point","coordinates":[21.57,57.3895]}},{"type":"Feature","properties":{"name":"Port Hardy, BC, Canada"},"geometry":{"type":"Point","coordinates":[-127.4958,50.7209]}},{"type":"Feature","properties":{"name":"Wakkanai, Japan"},"geometry":{"type":"Point","coordinates":[141.6982,45.394]}},{"type":"Feature","properties":{"name":"Rebun, Japan"},"geometry":{"type":"Point","coordinates":[141.0471,45.3005]}},{"type":"Feature","properties":{"name":"Rishirifuji, Japan"},"geometry":{"type":"Point","coordinates":[141.2195,45.245]}},{"type":"Feature","properties":{"name":"Itoman, Japan"},"geometry":{"type":"Point","coordinates":[127.6881,26.1149]}},{"type":"Feature","properties":{"name":"Tarama, Japan"},"geometry":{"type":"Point","coordinates":[124.7003,24.6687]}},{"type":"Feature","properties":{"name":"Yonaguni, Japan"},"geometry":{"type":"Point","coordinates":[122.9908,24.4572]}},{"type":"Feature","properties":{"name":"Hateruma, Japan"},"geometry":{"type":"Point","coordinates":[123.7784,24.06]}},{"type":"Feature","properties":{"name":"Yomitan, Japan"},"geometry":{"type":"Point","coordinates":[127.7438,26.402]}},{"type":"Feature","properties":{"name":"Aguni, Japan"},"geometry":{"type":"Point","coordinates":[127.229,26.5872]}},{"type":"Feature","properties":{"name":"Kumejima, Japan"},"geometry":{"type":"Point","coordinates":[126.7753,26.3531]}},{"type":"Feature","properties":{"name":"Ama, Japan"},"geometry":{"type":"Point","coordinates":[127.2923,26.231]}},{"type":"Feature","properties":{"name":"Tokashiki, Japan"},"geometry":{"type":"Point","coordinates":[127.3635,26.1968]}},{"type":"Feature","properties":{"name":"Minamidaito, Japan"},"geometry":{"type":"Point","coordinates":[131.2426,25.843]}},{"type":"Feature","properties":{"name":"Yaese, Japan"},"geometry":{"type":"Point","coordinates":[127.7286,26.1348]}},{"type":"Feature","properties":{"name":"Kitadaito, Japan"},"geometry":{"type":"Point","coordinates":[131.305,25.9458]}},{"type":"Feature","properties":{"name":"Konstanz, Germany"},"geometry":{"type":"Point","coordinates":[9.1732,47.6779]}},{"type":"Feature","properties":{"name":"Meersburg, Germany"},"geometry":{"type":"Point","coordinates":[9.2731,47.6969]}},{"type":"Feature","properties":{"name":"Friedrichshafen, Germany"},"geometry":{"type":"Point","coordinates":[9.48,47.6618]}},{"type":"Feature","properties":{"name":"Hachinohe, Japan"},"geometry":{"type":"Point","coordinates":[141.5005,40.4767]}},{"type":"Feature","properties":{"name":"Muroran, Japan"},"geometry":{"type":"Point","coordinates":[140.9814,42.3691]}},{"type":"Feature","properties":{"name":"Genoa, Italy"},"geometry":{"type":"Point","coordinates":[8.9389,44.4103]}},{"type":"Feature","properties":{"name":"Espoo, Finland"},"geometry":{"type":"Point","coordinates":[24.6558,60.2068]}},{"type":"Feature","properties":{"name":"Isle au Haut, ME, United States"},"geometry":{"type":"Point","coordinates":[-68.625,44.0515]}},{"type":"Feature","properties":{"name":"Stonington, ME, United States"},"geometry":{"type":"Point","coordinates":[-68.6669,44.1563]}},{"type":"Feature","properties":{"name":"Sidi Kerir, Egypt"},"geometry":{"type":"Point","coordinates":[29.6724,31.0476]}},{"type":"Feature","properties":{"name":"Neom, Saudi Arabia"},"geometry":{"type":"Point","coordinates":[35.2232,28.051]}},{"type":"Feature","properties":{"name":"Melbourne, VIC, Australia"},"geometry":{"type":"Point","coordinates":[144.9671,-37.8175]}},{"type":"Feature","properties":{"name":"San Diego, CA, United States"},"geometry":{"type":"Point","coordinates":[-117.1617,32.7157]}},{"type":"Feature","properties":{"name":"Funafuti, Tuvalu"},"geometry":{"type":"Point","coordinates":[179.1988,-8.5202]}},{"type":"Feature","properties":{"name":"Coffman Cove, AK, United States"},"geometry":{"type":"Point","coordinates":[-132.8295,56.0152]}},{"type":"Feature","properties":{"name":"Ketchikan, AK, United States"},"geometry":{"type":"Point","coordinates":[-131.6478,55.3421]}},{"type":"Feature","properties":{"name":"Hollis, AK, United States"},"geometry":{"type":"Point","coordinates":[-133.0219,55.5138]}},{"type":"Feature","properties":{"name":"Almeirim, Brazil"},"geometry":{"type":"Point","coordinates":[-52.5778,-1.5284]}},{"type":"Feature","properties":{"name":"Santarém, Brazil"},"geometry":{"type":"Point","coordinates":[-54.7009,-2.4506]}},{"type":"Feature","properties":{"name":"Monte Alegre, Brazil"},"geometry":{"type":"Point","coordinates":[-54.0745,-2.0005]}},{"type":"Feature","properties":{"name":"Alenquer, Brazil"},"geometry":{"type":"Point","coordinates":[-54.736,-1.945]}},{"type":"Feature","properties":{"name":"Manaus, Brazil"},"geometry":{"type":"Point","coordinates":[-60.0206,-3.1239]}},{"type":"Feature","properties":{"name":"Óbidos, Brazil"},"geometry":{"type":"Point","coordinates":[-55.5162,-1.9132]}},{"type":"Feature","properties":{"name":"Juruti, Brazil"},"geometry":{"type":"Point","coordinates":[-56.0952,-2.1615]}},{"type":"Feature","properties":{"name":"Curuá, Brazil"},"geometry":{"type":"Point","coordinates":[-55.1201,-1.8903]}},{"type":"Feature","properties":{"name":"Parintins, Brazil"},"geometry":{"type":"Point","coordinates":[-56.7372,-2.6338]}},{"type":"Feature","properties":{"name":"Urucurituba, Brazil"},"geometry":{"type":"Point","coordinates":[-58.1547,-3.1292]}},{"type":"Feature","properties":{"name":"Itacoatiara, Brazil"},"geometry":{"type":"Point","coordinates":[-58.4399,-3.1366]}},{"type":"Feature","properties":{"name":"Oriximiná, Brazil"},"geometry":{"type":"Point","coordinates":[-55.8675,-1.7624]}},{"type":"Feature","properties":{"name":"Terra Santa, Brazil"},"geometry":{"type":"Point","coordinates":[-56.4893,-2.1021]}},{"type":"Feature","properties":{"name":"Autazes, Brazil"},"geometry":{"type":"Point","coordinates":[-59.1317,-3.5803]}},{"type":"Feature","properties":{"name":"Tefé, Brazil"},"geometry":{"type":"Point","coordinates":[-64.719,-3.3522]}},{"type":"Feature","properties":{"name":"Alvarães, Brazil"},"geometry":{"type":"Point","coordinates":[-64.8121,-3.2146]}},{"type":"Feature","properties":{"name":"Uarini, Brazil"},"geometry":{"type":"Point","coordinates":[-65.16,-2.9827]}},{"type":"Feature","properties":{"name":"Fonte Boa, Brazil"},"geometry":{"type":"Point","coordinates":[-66.0953,-2.5152]}},{"type":"Feature","properties":{"name":"Jutaí, Brazil"},"geometry":{"type":"Point","coordinates":[-66.7716,-2.7506]}},{"type":"Feature","properties":{"name":"Tonantins, Brazil"},"geometry":{"type":"Point","coordinates":[-67.7754,-2.8617]}},{"type":"Feature","properties":{"name":"Santo Antônio do Içá, Brazil"},"geometry":{"type":"Point","coordinates":[-67.9453,-3.1024]}},{"type":"Feature","properties":{"name":"São Paulo de Olivença, Brazil"},"geometry":{"type":"Point","coordinates":[-68.9525,-3.4655]}},{"type":"Feature","properties":{"name":"Tabatinga, Brazil"},"geometry":{"type":"Point","coordinates":[-69.9385,-4.2313]}},{"type":"Feature","properties":{"name":"Netanya, Israel"},"geometry":{"type":"Point","coordinates":[34.872,32.3439]}},{"type":"Feature","properties":{"name":"Ashkelon, Israel"},"geometry":{"type":"Point","coordinates":[34.556,31.6695]}},{"type":"Feature","properties":{"name":"Singapore, Singapore"},"geometry":{"type":"Point","coordinates":[103.8531,1.2939]}},{"type":"Feature","properties":{"name":"Alupang, Guam"},"geometry":{"type":"Point","coordinates":[144.7768,13.49]}},{"type":"Feature","properties":{"name":"Dili, Timor-Leste"},"geometry":{"type":"Point","coordinates":[125.5807,-8.5707]}},{"type":"Feature","properties":{"name":"Cape Jervis, SA, Australia"},"geometry":{"type":"Point","coordinates":[138.1037,-35.6032]}},{"type":"Feature","properties":{"name":"Kingscote, SA, Australia"},"geometry":{"type":"Point","coordinates":[137.6326,-35.6523]}},{"type":"Feature","properties":{"name":"Aktau, Kazakhstan"},"geometry":{"type":"Point","coordinates":[51.2,43.65]}},{"type":"Feature","properties":{"name":"Sumgait, Azerbaijan"},"geometry":{"type":"Point","coordinates":[49.6686,40.5897]}},{"type":"Feature","properties":{"name":"Wilhelmshaven, Germany"},"geometry":{"type":"Point","coordinates":[8.1069,53.5323]}},{"type":"Feature","properties":{"name":"Leiston, United Kingdom"},"geometry":{"type":"Point","coordinates":[1.5748,52.2053]}},{"type":"Feature","properties":{"name":"Macapá, Brazil"},"geometry":{"type":"Point","coordinates":[-51.0657,0.0345]}},{"type":"Feature","properties":{"name":"Gillies Bay, BC, Canada"},"geometry":{"type":"Point","coordinates":[-124.4889,49.6779]}},{"type":"Feature","properties":{"name":"Powell River, BC, Canada"},"geometry":{"type":"Point","coordinates":[-124.5238,49.8359]}},{"type":"Feature","properties":{"name":"Van Anda, BC, Canada"},"geometry":{"type":"Point","coordinates":[-124.5565,49.7577]}},{"type":"Feature","properties":{"name":"Gambier Harbour, BC, Canada"},"geometry":{"type":"Point","coordinates":[-123.4389,49.4396]}},{"type":"Feature","properties":{"name":"Eastbourne, BC, Canada"},"geometry":{"type":"Point","coordinates":[-123.4348,49.3962]}},{"type":"Feature","properties":{"name":"Gibsons, BC, Canada"},"geometry":{"type":"Point","coordinates":[-123.5146,49.4016]}},{"type":"Feature","properties":{"name":"Saltery Bay, BC, Canada"},"geometry":{"type":"Point","coordinates":[-124.1799,49.7833]}},{"type":"Feature","properties":{"name":"Bamfield, BC, Canada"},"geometry":{"type":"Point","coordinates":[-125.1415,48.8328]}},{"type":"Feature","properties":{"name":"Haggard's Cove, BC, Canada"},"geometry":{"type":"Point","coordinates":[-125.0229,48.9645]}},{"type":"Feature","properties":{"name":"Sarita, BC, Canada"},"geometry":{"type":"Point","coordinates":[-125.0334,48.8832]}},{"type":"Feature","properties":{"name":"Uchucklesaht, BC, Canada"},"geometry":{"type":"Point","coordinates":[-125.0423,49.0211]}},{"type":"Feature","properties":{"name":"Toquaht Bay, BC, Canada"},"geometry":{"type":"Point","coordinates":[-125.3643,49.0073]}},{"type":"Feature","properties":{"name":"Macoah, BC, Canada"},"geometry":{"type":"Point","coordinates":[-125.3807,48.9942]}},{"type":"Feature","properties":{"name":"Salmon Beach, BC, Canada"},"geometry":{"type":"Point","coordinates":[-125.434,48.9598]}},{"type":"Feature","properties":{"name":"Ucluelet, BC, Canada"},"geometry":{"type":"Point","coordinates":[-125.5467,48.9418]}},{"type":"Feature","properties":{"name":"Tofino, BC, Canada"},"geometry":{"type":"Point","coordinates":[-125.9062,49.1525]}},{"type":"Feature","properties":{"name":"Opitsat, BC, Canada"},"geometry":{"type":"Point","coordinates":[-125.9073,49.1735]}},{"type":"Feature","properties":{"name":"Ahousat, BC, Canada"},"geometry":{"type":"Point","coordinates":[-126.0563,49.2763]}},{"type":"Feature","properties":{"name":"Hot Springs Cove, BC, Canada"},"geometry":{"type":"Point","coordinates":[-126.2724,49.3684]}},{"type":"Feature","properties":{"name":"Yuquot, BC, Canada"},"geometry":{"type":"Point","coordinates":[-126.6189,49.5919]}},{"type":"Feature","properties":{"name":"Gold River, BC, Canada"},"geometry":{"type":"Point","coordinates":[-126.0544,49.781]}},{"type":"Feature","properties":{"name":"Tahsis, BC, Canada"},"geometry":{"type":"Point","coordinates":[-126.6547,49.9263]}},{"type":"Feature","properties":{"name":"Esperanza, BC, Canada"},"geometry":{"type":"Point","coordinates":[-126.7418,49.8749]}},{"type":"Feature","properties":{"name":"Zeballos, BC, Canada"},"geometry":{"type":"Point","coordinates":[-126.8454,49.9824]}},{"type":"Feature","properties":{"name":"Kwakiutl (Cluxewe), BC, Canada"},"geometry":{"type":"Point","coordinates":[-127.1898,50.6121]}},{"type":"Feature","properties":{"name":"Pulteney Point, BC, Canada"},"geometry":{"type":"Point","coordinates":[-127.1548,50.6312]}},{"type":"Feature","properties":{"name":"Alert Bay, BC, Canada"},"geometry":{"type":"Point","coordinates":[-126.9263,50.5884]}},{"type":"Feature","properties":{"name":"Hyde Creek, BC, Canada"},"geometry":{"type":"Point","coordinates":[-127.0008,50.5826]}},{"type":"Feature","properties":{"name":"Telegraph Cove, BC, Canada"},"geometry":{"type":"Point","coordinates":[-126.8311,50.5477]}},{"type":"Feature","properties":{"name":"Mitchell Bay, BC, Canada"},"geometry":{"type":"Point","coordinates":[-126.8495,50.6337]}},{"type":"Feature","properties":{"name":"Harbledown Island, BC, Canada"},"geometry":{"type":"Point","coordinates":[-126.6108,50.5738]}},{"type":"Feature","properties":{"name":"Kwikwasut'inuxw Haxwa’mis, BC, Canada"},"geometry":{"type":"Point","coordinates":[-126.5987,50.7005]}},{"type":"Feature","properties":{"name":"Echo Bay, BC, Canada"},"geometry":{"type":"Point","coordinates":[-126.4973,50.7499]}},{"type":"Feature","properties":{"name":"Shawl Bay, BC, Canada"},"geometry":{"type":"Point","coordinates":[-126.5586,50.8489]}},{"type":"Feature","properties":{"name":"Edith Point, BC, Canada"},"geometry":{"type":"Point","coordinates":[-125.5467,50.3773]}},{"type":"Feature","properties":{"name":"Blind Channel, BC, Canada"},"geometry":{"type":"Point","coordinates":[-125.5034,50.4128]}},{"type":"Feature","properties":{"name":"Chatham Point, BC, Canada"},"geometry":{"type":"Point","coordinates":[-125.4456,50.3314]}},{"type":"Feature","properties":{"name":"Elk Bay, BC, Canada"},"geometry":{"type":"Point","coordinates":[-125.4421,50.2774]}},{"type":"Feature","properties":{"name":"Granite Bay, BC, Canada"},"geometry":{"type":"Point","coordinates":[-125.3026,50.2358]}},{"type":"Feature","properties":{"name":"Kitamaat Village, BC, Canada"},"geometry":{"type":"Point","coordinates":[-128.6476,53.9744]}},{"type":"Feature","properties":{"name":"Holberg, BC, Canada"},"geometry":{"type":"Point","coordinates":[-128.0241,50.6523]}},{"type":"Feature","properties":{"name":"Kitimat, BC, Canada"},"geometry":{"type":"Point","coordinates":[-128.6409,54.0595]}},{"type":"Feature","properties":{"name":"Coal Harbour, BC, Canada"},"geometry":{"type":"Point","coordinates":[-127.5816,50.5994]}},{"type":"Feature","properties":{"name":"Quatsino, BC, Canada"},"geometry":{"type":"Point","coordinates":[-127.6544,50.5353]}},{"type":"Feature","properties":{"name":"Port Alice, BC, Canada"},"geometry":{"type":"Point","coordinates":[-127.4881,50.4267]}},{"type":"Feature","properties":{"name":"Winter Harbour, BC, Canada"},"geometry":{"type":"Point","coordinates":[-128.0281,50.5239]}},{"type":"Feature","properties":{"name":"Kains Island, BC, Canada"},"geometry":{"type":"Point","coordinates":[-128.0333,50.4427]}},{"type":"Feature","properties":{"name":"Kingcome Inlet, BC, Canada"},"geometry":{"type":"Point","coordinates":[-126.2002,50.9499]}},{"type":"Feature","properties":{"name":"Nuchatlaht, BC, Canada"},"geometry":{"type":"Point","coordinates":[-126.9407,49.9893]}},{"type":"Feature","properties":{"name":"Patti, Italy"},"geometry":{"type":"Point","coordinates":[14.9684,38.147]}},{"type":"Feature","properties":{"name":"Malfa, Italy"},"geometry":{"type":"Point","coordinates":[14.8366,38.5783]}},{"type":"Feature","properties":{"name":"Filicudi Porto, Italy"},"geometry":{"type":"Point","coordinates":[14.5767,38.5649]}},{"type":"Feature","properties":{"name":"Alicudi Porto, Italy"},"geometry":{"type":"Point","coordinates":[14.3583,38.5359]}},{"type":"Feature","properties":{"name":"Marsala, Italy"},"geometry":{"type":"Point","coordinates":[12.4349,37.8001]}},{"type":"Feature","properties":{"name":"Pantelleria, Italy"},"geometry":{"type":"Point","coordinates":[11.9435,36.8309]}},{"type":"Feature","properties":{"name":"Lampedusa, Italy"},"geometry":{"type":"Point","coordinates":[12.6076,35.5015]}},{"type":"Feature","properties":{"name":"Linosa, Italy"},"geometry":{"type":"Point","coordinates":[12.8608,35.8584]}},{"type":"Feature","properties":{"name":"Isola delle Femmine, Italy"},"geometry":{"type":"Point","coordinates":[13.2476,38.1899]}},{"type":"Feature","properties":{"name":"Ustica, Italy"},"geometry":{"type":"Point","coordinates":[13.192,38.7099]}},{"type":"Feature","properties":{"name":"Gaeta, Italy"},"geometry":{"type":"Point","coordinates":[13.5654,41.2179]}},{"type":"Feature","properties":{"name":"Ponza, Italy"},"geometry":{"type":"Point","coordinates":[12.9587,40.8958]}},{"type":"Feature","properties":{"name":"Ventotene, Italy"},"geometry":{"type":"Point","coordinates":[13.4282,40.7954]}},{"type":"Feature","properties":{"name":"Santo Stefano, Italy"},"geometry":{"type":"Point","coordinates":[13.4542,40.7899]}},{"type":"Feature","properties":{"name":"Portoscuso, Italy"},"geometry":{"type":"Point","coordinates":[8.3795,39.2066]}},{"type":"Feature","properties":{"name":"Carloforte, Italy"},"geometry":{"type":"Point","coordinates":[8.3027,39.1455]}},{"type":"Feature","properties":{"name":"Stintino, Italy"},"geometry":{"type":"Point","coordinates":[8.229,40.9481]}},{"type":"Feature","properties":{"name":"Cala d'Oliva, Italy"},"geometry":{"type":"Point","coordinates":[8.3361,41.0817]}},{"type":"Feature","properties":{"name":"San Domino, Italy"},"geometry":{"type":"Point","coordinates":[15.489,42.1154]}},{"type":"Feature","properties":{"name":"San Nicola di Tremiti, Italy"},"geometry":{"type":"Point","coordinates":[15.5089,42.123]}},{"type":"Feature","properties":{"name":"Torre Mileto, Italy"},"geometry":{"type":"Point","coordinates":[15.5634,41.9187]}},{"type":"Feature","properties":{"name":"Vulcano Bleu, Italy"},"geometry":{"type":"Point","coordinates":[14.9656,38.4241]}},{"type":"Feature","properties":{"name":"Canneto, Italy"},"geometry":{"type":"Point","coordinates":[14.9636,38.4884]}},{"type":"Feature","properties":{"name":"Kyuquot, BC, Canada"},"geometry":{"type":"Point","coordinates":[-127.3785,50.0309]}},{"type":"Feature","properties":{"name":"Queens Cove, BC, Canada"},"geometry":{"type":"Point","coordinates":[-126.985,49.885]}},{"type":"Feature","properties":{"name":"Natadola, Fiji"},"geometry":{"type":"Point","coordinates":[177.3189,-18.1004]}},{"type":"Feature","properties":{"name":"Gusukube, Japan"},"geometry":{"type":"Point","coordinates":[125.3873,24.7515]}},{"type":"Feature","properties":{"name":"Shiraho, Japan"},"geometry":{"type":"Point","coordinates":[124.2451,24.3884]}},{"type":"Feature","properties":{"name":"Iojima, Japan"},"geometry":{"type":"Point","coordinates":[130.2983,30.793]}},{"type":"Feature","properties":{"name":"Makurazaki, Japan"},"geometry":{"type":"Point","coordinates":[130.2939,31.2803]}},{"type":"Feature","properties":{"name":"Takeshima, Japan"},"geometry":{"type":"Point","coordinates":[130.4266,30.8102]}},{"type":"Feature","properties":{"name":"Kuroshima, Japan"},"geometry":{"type":"Point","coordinates":[129.9344,30.8325]}},{"type":"Feature","properties":{"name":"Capraia Isola, Italy"},"geometry":{"type":"Point","coordinates":[9.8422,43.0483]}},{"type":"Feature","properties":{"name":"Portoferraio, Italy"},"geometry":{"type":"Point","coordinates":[10.3164,42.8121]}},{"type":"Feature","properties":{"name":"Trapani, Italy"},"geometry":{"type":"Point","coordinates":[12.5136,38.0183]}},{"type":"Feature","properties":{"name":"Levanzo, Italy"},"geometry":{"type":"Point","coordinates":[12.341,37.9882]}},{"type":"Feature","properties":{"name":"Marettimo, Italy"},"geometry":{"type":"Point","coordinates":[12.0736,37.9685]}},{"type":"Feature","properties":{"name":"Lipari, Italy"},"geometry":{"type":"Point","coordinates":[14.9543,38.4684]}},{"type":"Feature","properties":{"name":"Ditella, Italy"},"geometry":{"type":"Point","coordinates":[15.0761,38.6425]}},{"type":"Feature","properties":{"name":"Stromboli, Italy"},"geometry":{"type":"Point","coordinates":[15.2335,38.8058]}},{"type":"Feature","properties":{"name":"Atalaia do Norte, Brazil"},"geometry":{"type":"Point","coordinates":[-70.1932,-4.3664]}},{"type":"Feature","properties":{"name":"Al Bustan, Oman"},"geometry":{"type":"Point","coordinates":[58.6061,23.5761]}},{"type":"Feature","properties":{"name":"Cape D’Aguilar, China"},"geometry":{"type":"Point","coordinates":[114.2603,22.2081]}},{"type":"Feature","properties":{"name":"Capri Strand, Sweden"},"geometry":{"type":"Point","coordinates":[11.1184,58.9683]}},{"type":"Feature","properties":{"name":"Moss, Norway"},"geometry":{"type":"Point","coordinates":[10.7008,59.4592]}},{"type":"Feature","properties":{"name":"Drøbak, Norway"},"geometry":{"type":"Point","coordinates":[10.6308,59.6645]}},{"type":"Feature","properties":{"name":"Arendal, Norway"},"geometry":{"type":"Point","coordinates":[8.7587,58.47]}},{"type":"Feature","properties":{"name":"Egersund, Norway"},"geometry":{"type":"Point","coordinates":[5.9887,58.4241]}},{"type":"Feature","properties":{"name":"Stavanger, Norway"},"geometry":{"type":"Point","coordinates":[5.7308,58.9708]}},{"type":"Feature","properties":{"name":"Oslo, Norway"},"geometry":{"type":"Point","coordinates":[10.75,59.9123]}},{"type":"Feature","properties":{"name":"Calvi, France"},"geometry":{"type":"Point","coordinates":[8.7547,42.5631]}},{"type":"Feature","properties":{"name":"Ras Ghareb, Egypt"},"geometry":{"type":"Point","coordinates":[33.0828,28.3659]}},{"type":"Feature","properties":{"name":"Bejaia, Algeria"},"geometry":{"type":"Point","coordinates":[5.0557,36.7515]}},{"type":"Feature","properties":{"name":"Nothamnsbacken, Sweden"},"geometry":{"type":"Point","coordinates":[18.5654,60.032]}},{"type":"Feature","properties":{"name":"Hamnäs, Finland"},"geometry":{"type":"Point","coordinates":[19.805,60.0993]}},{"type":"Feature","properties":{"name":"Lokalahti, Finland"},"geometry":{"type":"Point","coordinates":[21.4462,60.6795]}},{"type":"Feature","properties":{"name":"Skatörarna, Finland"},"geometry":{"type":"Point","coordinates":[19.7248,60.2726]}},{"type":"Feature","properties":{"name":"Sovetskaya Gavan, Russia"},"geometry":{"type":"Point","coordinates":[140.2833,48.9667]}},{"type":"Feature","properties":{"name":"Uglegorsk, Russia"},"geometry":{"type":"Point","coordinates":[141.9802,49.0635]}},{"type":"Feature","properties":{"name":"Kampung Tekek, Malaysia"},"geometry":{"type":"Point","coordinates":[104.157,2.8164]}},{"type":"Feature","properties":{"name":"Kuala Rompin, Malaysia"},"geometry":{"type":"Point","coordinates":[103.4915,2.8003]}},{"type":"Feature","properties":{"name":"Pantai Teluk Baharu, Malaysia"},"geometry":{"type":"Point","coordinates":[100.5796,4.193]}},{"type":"Feature","properties":{"name":"Lumut, Malaysia"},"geometry":{"type":"Point","coordinates":[100.6292,4.2285]}},{"type":"Feature","properties":{"name":"Pulau Perhentian Besar, Malaysia"},"geometry":{"type":"Point","coordinates":[102.7547,5.9029]}},{"type":"Feature","properties":{"name":"Pulau Perhentian Kecil, Malaysia"},"geometry":{"type":"Point","coordinates":[102.7229,5.9066]}},{"type":"Feature","properties":{"name":"Kampung Raja, Malaysia"},"geometry":{"type":"Point","coordinates":[102.5717,5.7916]}},{"type":"Feature","properties":{"name":"St. Florent, France"},"geometry":{"type":"Point","coordinates":[9.3037,42.6818]}},{"type":"Feature","properties":{"name":"Visby, Sweden"},"geometry":{"type":"Point","coordinates":[18.3,57.6384]}},{"type":"Feature","properties":{"name":"Borbby Strandbad, Sweden"},"geometry":{"type":"Point","coordinates":[14.2158,55.4339]}},{"type":"Feature","properties":{"name":"Miyazaki, Japan"},"geometry":{"type":"Point","coordinates":[131.2946,32.0977]}},{"type":"Feature","properties":{"name":"Akita, Japan"},"geometry":{"type":"Point","coordinates":[140.1167,39.7167]}},{"type":"Feature","properties":{"name":"Murakami, Japan"},"geometry":{"type":"Point","coordinates":[139.4757,38.2219]}},{"type":"Feature","properties":{"name":"Awashimaura, Japan"},"geometry":{"type":"Point","coordinates":[139.2528,38.4646]}},{"type":"Feature","properties":{"name":"Invercargill, New Zealand"},"geometry":{"type":"Point","coordinates":[168.3475,-46.4131]}},{"type":"Feature","properties":{"name":"Sendai, Japan"},"geometry":{"type":"Point","coordinates":[140.8667,38.2667]}},{"type":"Feature","properties":{"name":"Ibaraki, Japan"},"geometry":{"type":"Point","coordinates":[140.2699,36.3422]}},{"type":"Feature","properties":{"name":"Ninomiya, Japan"},"geometry":{"type":"Point","coordinates":[139.2554,35.2995]}},{"type":"Feature","properties":{"name":"Chichijima, Japan"},"geometry":{"type":"Point","coordinates":[142.2041,27.0665]}},{"type":"Feature","properties":{"name":"Hahajima, Japan"},"geometry":{"type":"Point","coordinates":[142.1599,26.6509]}},{"type":"Feature","properties":{"name":"Hachijo, Japan"},"geometry":{"type":"Point","coordinates":[139.7968,33.1123]}},{"type":"Feature","properties":{"name":"Santa Teresa Gallura, Italy"},"geometry":{"type":"Point","coordinates":[9.1904,41.2399]}},{"type":"Feature","properties":{"name":"Bonifacio, France"},"geometry":{"type":"Point","coordinates":[9.169,41.3904]}},{"type":"Feature","properties":{"name":"La Maddalena, Italy"},"geometry":{"type":"Point","coordinates":[9.4105,41.2194]}},{"type":"Feature","properties":{"name":"Giglio, Italy"},"geometry":{"type":"Point","coordinates":[10.9151,42.3585]}},{"type":"Feature","properties":{"name":"Sassari, Italy"},"geometry":{"type":"Point","coordinates":[8.5543,40.7268]}},{"type":"Feature","properties":{"name":"Propriano, France"},"geometry":{"type":"Point","coordinates":[8.9057,41.6741]}},{"type":"Feature","properties":{"name":"Ruppione, France"},"geometry":{"type":"Point","coordinates":[8.785,41.8327]}},{"type":"Feature","properties":{"name":"Licata, Italy"},"geometry":{"type":"Point","coordinates":[13.9382,37.1025]}},{"type":"Feature","properties":{"name":"Le Lavandou, France"},"geometry":{"type":"Point","coordinates":[6.3667,43.138]}},{"type":"Feature","properties":{"name":"Héliopolis, France"},"geometry":{"type":"Point","coordinates":[6.4404,43.0193]}},{"type":"Feature","properties":{"name":"Port-Cros, France"},"geometry":{"type":"Point","coordinates":[6.3876,43.0071]}},{"type":"Feature","properties":{"name":"Porquerolles, France"},"geometry":{"type":"Point","coordinates":[6.2037,42.9999]}},{"type":"Feature","properties":{"name":"La Tour Fondue, France"},"geometry":{"type":"Point","coordinates":[6.1544,43.0301]}},{"type":"Feature","properties":{"name":"Sassnitz, Germany"},"geometry":{"type":"Point","coordinates":[13.6487,54.5196]}},{"type":"Feature","properties":{"name":"Tejn, Denmark"},"geometry":{"type":"Point","coordinates":[14.8363,55.2482]}},{"type":"Feature","properties":{"name":"Näsby, Sweden"},"geometry":{"type":"Point","coordinates":[16.4681,56.2457]}},{"type":"Feature","properties":{"name":"Byxelkrok, Sweden"},"geometry":{"type":"Point","coordinates":[17.0085,57.3248]}},{"type":"Feature","properties":{"name":"Hasle, Denmark"},"geometry":{"type":"Point","coordinates":[14.7082,55.1826]}},{"type":"Feature","properties":{"name":"Uto, Sweden"},"geometry":{"type":"Point","coordinates":[18.2503,58.9361]}},{"type":"Feature","properties":{"name":"Santa Isabel do Rio Negro, Brazil"},"geometry":{"type":"Point","coordinates":[-65.0157,-0.415]}},{"type":"Feature","properties":{"name":"São Gabriel da Cachoeira, Brazil"},"geometry":{"type":"Point","coordinates":[-67.088,-0.1194]}},{"type":"Feature","properties":{"name":"Juelsminde, Denmark"},"geometry":{"type":"Point","coordinates":[9.9972,55.7086]}},{"type":"Feature","properties":{"name":"Bogense, Denmark"},"geometry":{"type":"Point","coordinates":[10.0914,55.5678]}},{"type":"Feature","properties":{"name":"Oskarshamn, Sweden"},"geometry":{"type":"Point","coordinates":[16.4425,57.2652]}},{"type":"Feature","properties":{"name":"Västervik, Sweden"},"geometry":{"type":"Point","coordinates":[16.637,57.756]}},{"type":"Feature","properties":{"name":"Changi, Singapore"},"geometry":{"type":"Point","coordinates":[104.0041,1.3735]}},{"type":"Feature","properties":{"name":"Benton Harbor, MI, United States"},"geometry":{"type":"Point","coordinates":[-86.4545,42.1162]}},{"type":"Feature","properties":{"name":"St. Joseph, MI, United States"},"geometry":{"type":"Point","coordinates":[-86.4903,42.0949]}},{"type":"Feature","properties":{"name":"Chicago, IL, United States"},"geometry":{"type":"Point","coordinates":[-87.6324,41.8842]}},{"type":"Feature","properties":{"name":"Charlevoix, MI, United States"},"geometry":{"type":"Point","coordinates":[-85.2584,45.3181]}},{"type":"Feature","properties":{"name":"Beaver Island, MI, United States"},"geometry":{"type":"Point","coordinates":[-85.5353,45.7409]}},{"type":"Feature","properties":{"name":"Gulliver, MI, United States"},"geometry":{"type":"Point","coordinates":[-86.0122,45.9931]}},{"type":"Feature","properties":{"name":"Luna, Philippines"},"geometry":{"type":"Point","coordinates":[120.3548,16.8307]}},{"type":"Feature","properties":{"name":"Bauang, Philippines"},"geometry":{"type":"Point","coordinates":[120.3556,16.514]}},{"type":"Feature","properties":{"name":"Benjamin Constant, Brazil"},"geometry":{"type":"Point","coordinates":[-70.0288,-4.3799]}},{"type":"Feature","properties":{"name":"Amaturá, Brazil"},"geometry":{"type":"Point","coordinates":[-68.1972,-3.3621]}},{"type":"Feature","properties":{"name":"Belém, Brazil"},"geometry":{"type":"Point","coordinates":[-48.5104,-1.4586]}},{"type":"Feature","properties":{"name":"São Sebastião da Boa Vista, Brazil"},"geometry":{"type":"Point","coordinates":[-49.5289,-1.7174]}},{"type":"Feature","properties":{"name":"Curralinho, Brazil"},"geometry":{"type":"Point","coordinates":[-49.798,-1.8122]}},{"type":"Feature","properties":{"name":"Breves, Brazil"},"geometry":{"type":"Point","coordinates":[-50.482,-1.6836]}},{"type":"Feature","properties":{"name":"Bagre, Brazil"},"geometry":{"type":"Point","coordinates":[-50.2091,-1.8988]}},{"type":"Feature","properties":{"name":"Boa Vista, Brazil"},"geometry":{"type":"Point","coordinates":[-60.6758,2.8235]}},{"type":"Feature","properties":{"name":"Santa Maria do Boiaçu, Brazil"},"geometry":{"type":"Point","coordinates":[-61.7876,-0.508]}},{"type":"Feature","properties":{"name":"Caracaraí, Brazil"},"geometry":{"type":"Point","coordinates":[-61.1313,1.8239]}},{"type":"Feature","properties":{"name":"Moura, Brazil"},"geometry":{"type":"Point","coordinates":[-61.6351,-1.4586]}},{"type":"Feature","properties":{"name":"Belém do Solimões, Brazil"},"geometry":{"type":"Point","coordinates":[-69.5218,-4.0379]}},{"type":"Feature","properties":{"name":"Ponta de Pedras, Brazil"},"geometry":{"type":"Point","coordinates":[-48.8698,-1.3921]}},{"type":"Feature","properties":{"name":"Afuá, Brazil"},"geometry":{"type":"Point","coordinates":[-50.3883,-0.1571]}},{"type":"Feature","properties":{"name":"Novo Airão, Brazil"},"geometry":{"type":"Point","coordinates":[-60.9439,-2.6239]}},{"type":"Feature","properties":{"name":"Manacapuru, Brazil"},"geometry":{"type":"Point","coordinates":[-60.6354,-3.2891]}},{"type":"Feature","properties":{"name":"Iranduba, Brazil"},"geometry":{"type":"Point","coordinates":[-60.1877,-3.2791]}},{"type":"Feature","properties":{"name":"Coari, Brazil"},"geometry":{"type":"Point","coordinates":[-63.1477,-4.0919]}},{"type":"Feature","properties":{"name":"Barcelos, Brazil"},"geometry":{"type":"Point","coordinates":[-62.9258,-0.9741]}},{"type":"Feature","properties":{"name":"Terceira, Portugal"},"geometry":{"type":"Point","coordinates":[-27.2503,38.6657]}},{"type":"Feature","properties":{"name":"Machico, Portugal"},"geometry":{"type":"Point","coordinates":[-16.7632,32.7194]}},{"type":"Feature","properties":{"name":"São Miguel, Portugal"},"geometry":{"type":"Point","coordinates":[-25.6768,37.7404]}},{"type":"Feature","properties":{"name":"Mellieha, Malta"},"geometry":{"type":"Point","coordinates":[14.3501,35.9524]}},{"type":"Feature","properties":{"name":"Kalba, United Arab Emirates"},"geometry":{"type":"Point","coordinates":[56.34,25.0515]}},{"type":"Feature","properties":{"name":"Duba, Saudi Arabia"},"geometry":{"type":"Point","coordinates":[35.6965,27.354]}},{"type":"Feature","properties":{"name":"Kuala Sedili, Malaysia"},"geometry":{"type":"Point","coordinates":[104.1141,1.9259]}},{"type":"Feature","properties":{"name":"Lingshui, China"},"geometry":{"type":"Point","coordinates":[110.0494,18.3899]}},{"type":"Feature","properties":{"name":"Nongsa, Indonesia"},"geometry":{"type":"Point","coordinates":[104.103,1.1965]}},{"type":"Feature","properties":{"name":"Myrtle Beach, SC, United States"},"geometry":{"type":"Point","coordinates":[-78.8827,33.6936]}},{"type":"Feature","properties":{"name":"Annie's Bay, Bermuda"},"geometry":{"type":"Point","coordinates":[-64.6592,32.3616]}},{"type":"Feature","properties":{"name":"Dillingham, AK, United States"},"geometry":{"type":"Point","coordinates":[-158.5088,59.045]}},{"type":"Feature","properties":{"name":"Platinum, AK, United States"},"geometry":{"type":"Point","coordinates":[-161.7107,58.9859]}},{"type":"Feature","properties":{"name":"Eek, AK, United States"},"geometry":{"type":"Point","coordinates":[-162.0325,60.2197]}},{"type":"Feature","properties":{"name":"Quinhagak, AK, United States"},"geometry":{"type":"Point","coordinates":[-161.9124,59.7518]}},{"type":"Feature","properties":{"name":"Togiak, AK, United States"},"geometry":{"type":"Point","coordinates":[-160.4022,59.0722]}},{"type":"Feature","properties":{"name":"Mangawhai, New Zealand"},"geometry":{"type":"Point","coordinates":[174.5745,-36.1262]}},{"type":"Feature","properties":{"name":"Kapolei, HI, United States"},"geometry":{"type":"Point","coordinates":[-158.0569,21.3354]}},{"type":"Feature","properties":{"name":"Takahagi, Japan"},"geometry":{"type":"Point","coordinates":[140.7183,36.7131]}},{"type":"Feature","properties":{"name":"Heraklion, Greece"},"geometry":{"type":"Point","coordinates":[25.1279,35.3384]}},{"type":"Feature","properties":{"name":"Luganville, Vanuatu"},"geometry":{"type":"Point","coordinates":[167.2003,-15.5064]}},{"type":"Feature","properties":{"name":"Norsup, Vanuatu"},"geometry":{"type":"Point","coordinates":[167.4035,-16.0823]}},{"type":"Feature","properties":{"name":"Tanna, Vanuatu"},"geometry":{"type":"Point","coordinates":[169.2679,-19.5342]}},{"type":"Feature","properties":{"name":"Frigate Bay, Saint Kitts and Nevis"},"geometry":{"type":"Point","coordinates":[-62.6834,17.2904]}},{"type":"Feature","properties":{"name":"Mandurah, WA, Australia"},"geometry":{"type":"Point","coordinates":[115.7402,-32.5362]}},{"type":"Feature","properties":{"name":"Panama City, Panama"},"geometry":{"type":"Point","coordinates":[-79.5367,8.9648]}},{"type":"Feature","properties":{"name":"Alice Town, Bahamas"},"geometry":{"type":"Point","coordinates":[-79.2934,25.727]}},{"type":"Feature","properties":{"name":"Tomakomai, Japan"},"geometry":{"type":"Point","coordinates":[141.6032,42.6361]}},{"type":"Feature","properties":{"name":"Itoshima, Japan"},"geometry":{"type":"Point","coordinates":[130.1505,33.5975]}},{"type":"Feature","properties":{"name":"Fauske, Norway"},"geometry":{"type":"Point","coordinates":[15.3921,67.2599]}},{"type":"Feature","properties":{"name":"Pantai Mutiara, Indonesia"},"geometry":{"type":"Point","coordinates":[106.7915,-6.1077]}},{"type":"Feature","properties":{"name":"Semarang, Indonesia"},"geometry":{"type":"Point","coordinates":[110.4255,-6.9714]}},{"type":"Feature","properties":{"name":"Jeneponto, Indonesia"},"geometry":{"type":"Point","coordinates":[119.6417,-5.6721]}},{"type":"Feature","properties":{"name":"Tanguisson Point, Guam"},"geometry":{"type":"Point","coordinates":[144.8124,13.5436]}},{"type":"Feature","properties":{"name":"Sagunto, Spain"},"geometry":{"type":"Point","coordinates":[-0.2104,39.6626]}},{"type":"Feature","properties":{"name":"Lepe, United Kingdom"},"geometry":{"type":"Point","coordinates":[-1.3675,50.7868]}},{"type":"Feature","properties":{"name":"Gurnard, United Kingdom"},"geometry":{"type":"Point","coordinates":[-1.3214,50.7603]}},{"type":"Feature","properties":{"name":"Stoke Fleming, United Kingdom"},"geometry":{"type":"Point","coordinates":[-3.5985,50.3243]}},{"type":"Feature","properties":{"name":"Sile, Turkey"},"geometry":{"type":"Point","coordinates":[29.6321,41.1822]}},{"type":"Feature","properties":{"name":"Odessa, Ukraine"},"geometry":{"type":"Point","coordinates":[30.6775,46.4893]}},{"type":"Feature","properties":{"name":"Aheloy, Bulgaria"},"geometry":{"type":"Point","coordinates":[27.6484,42.6491]}},{"type":"Feature","properties":{"name":"Sedili, Malaysia"},"geometry":{"type":"Point","coordinates":[104.1121,1.9279]}},{"type":"Feature","properties":{"name":"Mumong, Brunei"},"geometry":{"type":"Point","coordinates":[114.2376,4.5922]}},{"type":"Feature","properties":{"name":"Wujie, Taiwan"},"geometry":{"type":"Point","coordinates":[121.8312,24.6604]}},{"type":"Feature","properties":{"name":"Gunsan, South Korea"},"geometry":{"type":"Point","coordinates":[126.7366,35.9677]}},{"type":"Feature","properties":{"name":"San José del Cabo, Mexico"},"geometry":{"type":"Point","coordinates":[-109.7091,23.077]}},{"type":"Feature","properties":{"name":"Little Saint James, Virgin Islands (U.S.)"},"geometry":{"type":"Point","coordinates":[-64.8256,18.3001]}},{"type":"Feature","properties":{"name":"Sri Vijaya Puram, India"},"geometry":{"type":"Point","coordinates":[92.7265,11.6234]}},{"type":"Feature","properties":{"name":"Santander, Spain"},"geometry":{"type":"Point","coordinates":[-3.81,43.4615]}},{"type":"Feature","properties":{"name":"Palm Coast, FL, United States"},"geometry":{"type":"Point","coordinates":[-81.2209,29.5769]}},{"type":"Feature","properties":{"name":"Esbjerg, Denmark"},"geometry":{"type":"Point","coordinates":[8.4569,55.4652]}},{"type":"Feature","properties":{"name":"Scarborough, United Kingdom"},"geometry":{"type":"Point","coordinates":[-0.4112,54.2777]}},{"type":"Feature","properties":{"name":"Zelenogradsk, Russia"},"geometry":{"type":"Point","coordinates":[20.5984,54.9754]}},{"type":"Feature","properties":{"name":"Seman, Albania"},"geometry":{"type":"Point","coordinates":[19.3762,40.7867]}},{"type":"Feature","properties":{"name":"Lecce, Italy"},"geometry":{"type":"Point","coordinates":[18.175,40.3515]}},{"type":"Feature","properties":{"name":"Ocean City, MD, United States"},"geometry":{"type":"Point","coordinates":[-75.0893,38.3347]}},{"type":"Feature","properties":{"name":"Ny-Ålesund, Norway"},"geometry":{"type":"Point","coordinates":[11.921,78.9242]}},{"type":"Feature","properties":{"name":"Ryde, United Kingdom"},"geometry":{"type":"Point","coordinates":[-1.1633,50.7293]}},{"type":"Feature","properties":{"name":"Portsmouth, United Kingdom"},"geometry":{"type":"Point","coordinates":[-1.0873,50.804]}},{"type":"Feature","properties":{"name":"Morib, Malaysia"},"geometry":{"type":"Point","coordinates":[101.4436,2.7512]}},{"type":"Feature","properties":{"name":"Gran Canaria, Canary Islands, Spain"},"geometry":{"type":"Point","coordinates":[-15.5966,27.9577]}},{"type":"Feature","properties":{"name":"São Luis, Brazil"},"geometry":{"type":"Point","coordinates":[-44.3068,-2.5306]}},{"type":"Feature","properties":{"name":"Paramaribo, Suriname"},"geometry":{"type":"Point","coordinates":[-55.1739,5.824]}},{"type":"Feature","properties":{"name":"Pengerang, Malaysia"},"geometry":{"type":"Point","coordinates":[104.1532,1.3482]}},{"type":"Feature","properties":{"name":"Owenahincha, Ireland"},"geometry":{"type":"Point","coordinates":[-9.0024,51.5674]}},{"type":"Feature","properties":{"name":"Saint Jean Bay, Saint Barthélemy"},"geometry":{"type":"Point","coordinates":[-62.8376,17.9057]}},{"type":"Feature","properties":{"name":"Kilauea, HI, United States"},"geometry":{"type":"Point","coordinates":[-159.4053,22.2151]}},{"type":"Feature","properties":{"name":"Waialua, HI, United States"},"geometry":{"type":"Point","coordinates":[-158.1231,21.5734]}},{"type":"Feature","properties":{"name":"Kailua, HI, United States"},"geometry":{"type":"Point","coordinates":[-157.7401,21.3966]}},{"type":"Feature","properties":{"name":"Wailuku, HI, United States"},"geometry":{"type":"Point","coordinates":[-156.5031,20.8848]}},{"type":"Feature","properties":{"name":"Hana, HI, United States"},"geometry":{"type":"Point","coordinates":[-155.9867,20.757]}},{"type":"Feature","properties":{"name":"Kohala, HI, United States"},"geometry":{"type":"Point","coordinates":[-155.8327,20.2409]}},{"type":"Feature","properties":{"name":"Spencer Beach, HI, United States"},"geometry":{"type":"Point","coordinates":[-155.8221,20.0231]}},{"type":"Feature","properties":{"name":"Ocean Shores, WA, United States"},"geometry":{"type":"Point","coordinates":[-124.1588,47.0087]}},{"type":"Feature","properties":{"name":"Costa Calma, Spain"},"geometry":{"type":"Point","coordinates":[-14.2091,28.1587]}},{"type":"Feature","properties":{"name":"Tamaduste, Canary Islands, Spain"},"geometry":{"type":"Point","coordinates":[-17.8901,27.8252]}},{"type":"Feature","properties":{"name":"Sharm el-Sheikh, Egypt"},"geometry":{"type":"Point","coordinates":[34.3297,27.9122]}},{"type":"Feature","properties":{"name":"Camuri, Venezuela"},"geometry":{"type":"Point","coordinates":[-66.8782,10.6065]}},{"type":"Feature","properties":{"name":"Tarfaya, Morocco"},"geometry":{"type":"Point","coordinates":[-12.9259,27.9393]}},{"type":"Feature","properties":{"name":"Maringgai, Indonesia"},"geometry":{"type":"Point","coordinates":[105.8185,-5.3667]}},{"type":"Feature","properties":{"name":"Serang, Indonesia"},"geometry":{"type":"Point","coordinates":[106.1503,-6.1201]}},{"type":"Feature","properties":{"name":"Toboali, Indonesia"},"geometry":{"type":"Point","coordinates":[106.4707,-3.0261]}},{"type":"Feature","properties":{"name":"Hioki, Japan"},"geometry":{"type":"Point","coordinates":[130.4029,31.6346]}},{"type":"Feature","properties":{"name":"Machilipatnam, India"},"geometry":{"type":"Point","coordinates":[81.1395,16.175]}},{"type":"Feature","properties":{"name":"Tatilek, AK, United States"},"geometry":{"type":"Point","coordinates":[-146.5805,60.8651]}},{"type":"Feature","properties":{"name":"Nova Olinda do Norte, Brazil"},"geometry":{"type":"Point","coordinates":[-59.0921,-3.8912]}},{"type":"Feature","properties":{"name":"Borba, Brazil"},"geometry":{"type":"Point","coordinates":[-59.5945,-4.3925]}},{"type":"Feature","properties":{"name":"Novo Aripuanã, Brazil"},"geometry":{"type":"Point","coordinates":[-60.3761,-5.1203]}},{"type":"Feature","properties":{"name":"Manicoré, Brazil"},"geometry":{"type":"Point","coordinates":[-61.2946,-5.8129]}},{"type":"Feature","properties":{"name":"Auxiliadora, Brazil"},"geometry":{"type":"Point","coordinates":[-61.8383,-6.2496]}},{"type":"Feature","properties":{"name":"Humaitá, Brazil"},"geometry":{"type":"Point","coordinates":[-63.0284,-7.5125]}},{"type":"Feature","properties":{"name":"Calama, Brazil"},"geometry":{"type":"Point","coordinates":[-62.8756,-8.0288]}},{"type":"Feature","properties":{"name":"Porto Velho, Brazil"},"geometry":{"type":"Point","coordinates":[-63.902,-8.7617]}},{"type":"Feature","properties":{"name":"Lerkil, Sweden"},"geometry":{"type":"Point","coordinates":[11.8994,57.4554]}},{"type":"Feature","properties":{"name":"Paget, Bermuda"},"geometry":{"type":"Point","coordinates":[-64.7887,32.2809]}},{"type":"Feature","properties":{"name":"Singaraja, Indonesia"},"geometry":{"type":"Point","coordinates":[115.0759,-8.1155]}},{"type":"Feature","properties":{"name":"Bali, Indonesia"},"geometry":{"type":"Point","coordinates":[115.6924,-8.4101]}},{"type":"Feature","properties":{"name":"Majuro, Marshall Islands"},"geometry":{"type":"Point","coordinates":[171.3803,7.0897]}},{"type":"Feature","properties":{"name":"Tafuna, American Samoa"},"geometry":{"type":"Point","coordinates":[-170.7269,-14.3316]}},{"type":"Feature","properties":{"name":"Faratea, French Polynesia"},"geometry":{"type":"Point","coordinates":[-149.3059,-17.7186]}},{"type":"Feature","properties":{"name":"Mitirapa, French Polynesia"},"geometry":{"type":"Point","coordinates":[-149.3252,-17.7341]}},{"type":"Feature","properties":{"name":"Milos, Greece"},"geometry":{"type":"Point","coordinates":[24.3348,36.6806]}},{"type":"Feature","properties":{"name":"Haifa, Israel"},"geometry":{"type":"Point","coordinates":[34.9987,32.8116]}},{"type":"Feature","properties":{"name":"Emmonak, AK, United States"},"geometry":{"type":"Point","coordinates":[-164.5979,62.7762]}},{"type":"Feature","properties":{"name":"Hooper Bay, AK, United States"},"geometry":{"type":"Point","coordinates":[-166.1989,61.5189]}},{"type":"Feature","properties":{"name":"Newgale, United Kingdom"},"geometry":{"type":"Point","coordinates":[-5.1244,51.8596]}},{"type":"Feature","properties":{"name":"Rio Branco, Brazil"},"geometry":{"type":"Point","coordinates":[-67.8249,-9.9754]}},{"type":"Feature","properties":{"name":"Cruzeiro do Sul, Brazil"},"geometry":{"type":"Point","coordinates":[-72.6764,-7.625]}},{"type":"Feature","properties":{"name":"Baler, Philippines"},"geometry":{"type":"Point","coordinates":[121.5602,15.7615]}},{"type":"Feature","properties":{"name":"Naousa, Greece"},"geometry":{"type":"Point","coordinates":[25.2381,37.1222]}},{"type":"Feature","properties":{"name":"Naxos, Greece"},"geometry":{"type":"Point","coordinates":[25.376,37.1018]}},{"type":"Feature","properties":{"name":"Mykonos, Greece"},"geometry":{"type":"Point","coordinates":[25.3286,37.4469]}},{"type":"Feature","properties":{"name":"Cape Roger Curtis, BC, Canada"},"geometry":{"type":"Point","coordinates":[-123.4289,49.3433]}},{"type":"Feature","properties":{"name":"Snug Cove, BC, Canada"},"geometry":{"type":"Point","coordinates":[-123.338,49.3801]}},{"type":"Feature","properties":{"name":"Horseshoe Bay, BC, Canada"},"geometry":{"type":"Point","coordinates":[-123.2765,49.3748]}},{"type":"Feature","properties":{"name":"French Creek, BC, Canada"},"geometry":{"type":"Point","coordinates":[-124.3562,49.3421]}},{"type":"Feature","properties":{"name":"Tchoima, Congo, Dem. Rep."},"geometry":{"type":"Point","coordinates":[30.4811,1.44]}},{"type":"Feature","properties":{"name":"Nkusi, Uganda"},"geometry":{"type":"Point","coordinates":[30.6636,1.115]}},{"type":"Feature","properties":{"name":"Mpeefu, Uganda"},"geometry":{"type":"Point","coordinates":[30.6484,1.1016]}},{"type":"Feature","properties":{"name":"Kasenyi, Congo, Dem. Rep."},"geometry":{"type":"Point","coordinates":[30.4384,1.3934]}},{"type":"Feature","properties":{"name":"Uvira, Congo, Dem. Rep."},"geometry":{"type":"Point","coordinates":[29.1499,-3.3777]}},{"type":"Feature","properties":{"name":"Kalemie, Congo, Dem. Rep."},"geometry":{"type":"Point","coordinates":[29.2036,-5.9134]}},{"type":"Feature","properties":{"name":"Vancouver, BC, Canada"},"geometry":{"type":"Point","coordinates":[-123.114,49.2604]}},{"type":"Feature","properties":{"name":"Lax Kw'alaams, BC, Canada"},"geometry":{"type":"Point","coordinates":[-130.4341,54.5544]}},{"type":"Feature","properties":{"name":"Metlakatla, BC, Canada"},"geometry":{"type":"Point","coordinates":[-130.4444,54.3371]}},{"type":"Feature","properties":{"name":"Prince Rupert, BC, Canada"},"geometry":{"type":"Point","coordinates":[-130.3263,54.3131]}},{"type":"Feature","properties":{"name":"Dodge Cove, BC, Canada"},"geometry":{"type":"Point","coordinates":[-130.3875,54.2878]}},{"type":"Feature","properties":{"name":"Oona River, BC, Canada"},"geometry":{"type":"Point","coordinates":[-130.2585,53.9495]}},{"type":"Feature","properties":{"name":"Kitkatla, BC, Canada"},"geometry":{"type":"Point","coordinates":[-130.4333,53.7947]}},{"type":"Feature","properties":{"name":"Tua Pejat, Indonesia"},"geometry":{"type":"Point","coordinates":[99.589,-2.0282]}},{"type":"Feature","properties":{"name":"Puerto del Rosario, Canary Islands, Spain"},"geometry":{"type":"Point","coordinates":[-13.8622,28.4965]}},{"type":"Feature","properties":{"name":"Arrecife, Canary Islands, Spain"},"geometry":{"type":"Point","coordinates":[-13.5476,28.9595]}},{"type":"Feature","properties":{"name":"Corralejo, Canary Islands, Spain"},"geometry":{"type":"Point","coordinates":[-13.8648,28.7286]}},{"type":"Feature","properties":{"name":"Playa Blanca, Canary Islands, Spain"},"geometry":{"type":"Point","coordinates":[-13.8273,28.8634]}},{"type":"Feature","properties":{"name":"Las Palmas, Spain"},"geometry":{"type":"Point","coordinates":[-15.4397,28.1302]}},{"type":"Feature","properties":{"name":"Telde, Spain"},"geometry":{"type":"Point","coordinates":[-15.4174,27.9955]}},{"type":"Feature","properties":{"name":"Phetchaburi, Thailand"},"geometry":{"type":"Point","coordinates":[99.9508,13.094]}},{"type":"Feature","properties":{"name":"Chumphon, Thailand"},"geometry":{"type":"Point","coordinates":[99.1781,10.4977]}},{"type":"Feature","properties":{"name":"Koh Samui, Thailand"},"geometry":{"type":"Point","coordinates":[100.0409,9.5269]}},{"type":"Feature","properties":{"name":"Maroubra, NSW, Australia"},"geometry":{"type":"Point","coordinates":[151.2428,-33.9461]}},{"type":"Feature","properties":{"name":"Morris Bay, Antigua and Barbuda"},"geometry":{"type":"Point","coordinates":[-61.8469,17.0176]}},{"type":"Feature","properties":{"name":"Manchester, CA, United States"},"geometry":{"type":"Point","coordinates":[-123.687,38.9696]}},{"type":"Feature","properties":{"name":"Lavrio, Greece"},"geometry":{"type":"Point","coordinates":[24.0538,37.7111]}},{"type":"Feature","properties":{"name":"Ermoupoli, Greece"},"geometry":{"type":"Point","coordinates":[24.9393,37.4395]}},{"type":"Feature","properties":{"name":"Marlas, Greece"},"geometry":{"type":"Point","coordinates":[25.0192,37.6523]}},{"type":"Feature","properties":{"name":"Bonilla Island, BC, Canada"},"geometry":{"type":"Point","coordinates":[-130.6145,53.4923]}},{"type":"Feature","properties":{"name":"Williams Beach, BC, Canada"},"geometry":{"type":"Point","coordinates":[-125.0491,49.8242]}},{"type":"Feature","properties":{"name":"Stories Beach, BC, Canada"},"geometry":{"type":"Point","coordinates":[-125.1862,49.9196]}},{"type":"Feature","properties":{"name":"Campbell River, BC, Canada"},"geometry":{"type":"Point","coordinates":[-125.2482,50.0246]}},{"type":"Feature","properties":{"name":"Ridley Island, BC, Canada"},"geometry":{"type":"Point","coordinates":[-130.3213,54.2234]}},{"type":"Feature","properties":{"name":"Mansons Landing, BC, Canada"},"geometry":{"type":"Point","coordinates":[-124.9864,50.0631]}},{"type":"Feature","properties":{"name":"Whaletown, BC, Canada"},"geometry":{"type":"Point","coordinates":[-125.0493,50.1112]}},{"type":"Feature","properties":{"name":"Heriot Bay, BC, Canada"},"geometry":{"type":"Point","coordinates":[-125.2159,50.1013]}},{"type":"Feature","properties":{"name":"Open Bay, BC, Canada"},"geometry":{"type":"Point","coordinates":[-125.196,50.1371]}},{"type":"Feature","properties":{"name":"Bold Point, BC, Canada"},"geometry":{"type":"Point","coordinates":[-125.1607,50.1724]}},{"type":"Feature","properties":{"name":"Surge Narrows, BC, Canada"},"geometry":{"type":"Point","coordinates":[-125.1018,50.2315]}},{"type":"Feature","properties":{"name":"Bliss Landing, BC, Canada"},"geometry":{"type":"Point","coordinates":[-124.8164,50.0358]}},{"type":"Feature","properties":{"name":"Lund, BC, Canada"},"geometry":{"type":"Point","coordinates":[-124.7613,49.982]}},{"type":"Feature","properties":{"name":"Seaford, BC, Canada"},"geometry":{"type":"Point","coordinates":[-124.901,50.0845]}},{"type":"Feature","properties":{"name":"Refuge Cove, BC, Canada"},"geometry":{"type":"Point","coordinates":[-124.8391,50.1237]}},{"type":"Feature","properties":{"name":"Squirrel Cove, BC, Canada"},"geometry":{"type":"Point","coordinates":[-124.9175,50.1174]}},{"type":"Feature","properties":{"name":"Port Neville, BC, Canada"},"geometry":{"type":"Point","coordinates":[-126.0856,50.4928]}},{"type":"Feature","properties":{"name":"Sayward, BC, Canada"},"geometry":{"type":"Point","coordinates":[-125.959,50.3843]}},{"type":"Feature","properties":{"name":"Smith Island, BC, Canada"},"geometry":{"type":"Point","coordinates":[-130.278,54.1423]}},{"type":"Feature","properties":{"name":"Addenbroke Island, BC, Canada"},"geometry":{"type":"Point","coordinates":[-127.8637,51.6032]}},{"type":"Feature","properties":{"name":"Wuikinuxv, BC, Canada"},"geometry":{"type":"Point","coordinates":[-127.2105,51.6801]}},{"type":"Feature","properties":{"name":"Duncanby, BC, Canada"},"geometry":{"type":"Point","coordinates":[-127.6448,51.4056]}},{"type":"Feature","properties":{"name":"Egg Island, BC, Canada"},"geometry":{"type":"Point","coordinates":[-127.8344,51.2496]}},{"type":"Feature","properties":{"name":"Pine Island, BC, Canada"},"geometry":{"type":"Point","coordinates":[-127.7246,50.9775]}},{"type":"Feature","properties":{"name":"Scarlett Point, BC, Canada"},"geometry":{"type":"Point","coordinates":[-127.6128,50.8604]}},{"type":"Feature","properties":{"name":"Tlell, BC, Canada"},"geometry":{"type":"Point","coordinates":[-131.9298,53.5625]}},{"type":"Feature","properties":{"name":"Tom Island, BC, Canada"},"geometry":{"type":"Point","coordinates":[-129.6057,53.5432]}},{"type":"Feature","properties":{"name":"Hartley Bay, BC, Canada"},"geometry":{"type":"Point","coordinates":[-129.2548,53.4253]}},{"type":"Feature","properties":{"name":"Butedale, BC, Canada"},"geometry":{"type":"Point","coordinates":[-128.7007,53.1498]}},{"type":"Feature","properties":{"name":"Klemtu, BC, Canada"},"geometry":{"type":"Point","coordinates":[-128.5249,52.5918]}},{"type":"Feature","properties":{"name":"Boat Bluff, BC, Canada"},"geometry":{"type":"Point","coordinates":[-128.5238,52.643]}},{"type":"Feature","properties":{"name":"Ivory Island, BC, Canada"},"geometry":{"type":"Point","coordinates":[-128.4054,52.2716]}},{"type":"Feature","properties":{"name":"McInnes Island, BC, Canada"},"geometry":{"type":"Point","coordinates":[-128.723,52.2623]}},{"type":"Feature","properties":{"name":"Dryad Point, BC, Canada"},"geometry":{"type":"Point","coordinates":[-128.1119,52.1852]}},{"type":"Feature","properties":{"name":"Bella Bella, BC, Canada"},"geometry":{"type":"Point","coordinates":[-128.1447,52.1611]}},{"type":"Feature","properties":{"name":"Old Bella Bella, BC, Canada"},"geometry":{"type":"Point","coordinates":[-128.1223,52.1539]}},{"type":"Feature","properties":{"name":"Shearwater, BC, Canada"},"geometry":{"type":"Point","coordinates":[-128.0907,52.1479]}},{"type":"Feature","properties":{"name":"Kaiete Point, BC, Canada"},"geometry":{"type":"Point","coordinates":[-127.9515,52.0637]}},{"type":"Feature","properties":{"name":"Cousins Inlet, BC, Canada"},"geometry":{"type":"Point","coordinates":[-127.7906,52.2679]}},{"type":"Feature","properties":{"name":"Ocean Falls, BC, Canada"},"geometry":{"type":"Point","coordinates":[-127.6935,52.3534]}},{"type":"Feature","properties":{"name":"Martin Valley, BC, Canada"},"geometry":{"type":"Point","coordinates":[-127.722,52.3601]}},{"type":"Feature","properties":{"name":"Bella Coola, BC, Canada"},"geometry":{"type":"Point","coordinates":[-126.7528,52.3721]}},{"type":"Feature","properties":{"name":"Gabriola, BC, Canada"},"geometry":{"type":"Point","coordinates":[-123.844,49.1733]}},{"type":"Feature","properties":{"name":"Snaw-naw-as, BC, Canada"},"geometry":{"type":"Point","coordinates":[-124.1235,49.2519]}},{"type":"Feature","properties":{"name":"Qualicum Beach, BC, Canada"},"geometry":{"type":"Point","coordinates":[-124.4432,49.3494]}},{"type":"Feature","properties":{"name":"Bowser, BC, Canada"},"geometry":{"type":"Point","coordinates":[-124.6867,49.4435]}},{"type":"Feature","properties":{"name":"Denman Island, BC, Canada"},"geometry":{"type":"Point","coordinates":[-124.7136,49.4935]}},{"type":"Feature","properties":{"name":"Hornby Island, BC, Canada"},"geometry":{"type":"Point","coordinates":[-124.6971,49.5135]}},{"type":"Feature","properties":{"name":"Comox, BC, Canada"},"geometry":{"type":"Point","coordinates":[-124.9283,49.6735]}},{"type":"Feature","properties":{"name":"Morowali, Indonesia"},"geometry":{"type":"Point","coordinates":[122.1675,-2.8299]}},{"type":"Feature","properties":{"name":"Labuhan Bajo, Indonesia"},"geometry":{"type":"Point","coordinates":[119.8785,-8.4871]}},{"type":"Feature","properties":{"name":"Selayar, Indonesia"},"geometry":{"type":"Point","coordinates":[120.4634,-6.1094]}},{"type":"Feature","properties":{"name":"Wakatobi, Indonesia"},"geometry":{"type":"Point","coordinates":[123.5338,-5.322]}},{"type":"Feature","properties":{"name":"Farewell, NL, Canada"},"geometry":{"type":"Point","coordinates":[-54.4792,49.5559]}},{"type":"Feature","properties":{"name":"Fogo Island, NL, Canada"},"geometry":{"type":"Point","coordinates":[-54.3952,49.5838]}},{"type":"Feature","properties":{"name":"Stag Harbour, NL, Canada"},"geometry":{"type":"Point","coordinates":[-54.2837,49.5839]}},{"type":"Feature","properties":{"name":"Nouadhibou, Mauritania"},"geometry":{"type":"Point","coordinates":[-17.0357,20.9472]}},{"type":"Feature","properties":{"name":"Maafushi, Maldives"},"geometry":{"type":"Point","coordinates":[73.4895,3.9409]}},{"type":"Feature","properties":{"name":"Ithaafushi, Maldives"},"geometry":{"type":"Point","coordinates":[73.394,4.0143]}},{"type":"Feature","properties":{"name":"Dongyin, Taiwan"},"geometry":{"type":"Point","coordinates":[120.493,26.3673]}},{"type":"Feature","properties":{"name":"Nangan, Taiwan"},"geometry":{"type":"Point","coordinates":[119.9343,26.1552]}},{"type":"Feature","properties":{"name":"Xiju, Taiwan"},"geometry":{"type":"Point","coordinates":[119.9391,25.9731]}},{"type":"Feature","properties":{"name":"Ballyhornan, United Kingdom"},"geometry":{"type":"Point","coordinates":[-5.5594,54.3021]}},{"type":"Feature","properties":{"name":"Porto Alegre, Brazil"},"geometry":{"type":"Point","coordinates":[-51.228,-30.0343]}},{"type":"Feature","properties":{"name":"Miramar, PR, United States"},"geometry":{"type":"Point","coordinates":[-66.0829,18.4538]}},{"type":"Feature","properties":{"name":"Mtwara, Tanzania"},"geometry":{"type":"Point","coordinates":[40.1801,-10.2602]}},{"type":"Feature","properties":{"name":"Beira, Mozambique"},"geometry":{"type":"Point","coordinates":[34.851,-19.8201]}},{"type":"Feature","properties":{"name":"Mahajanga, Madagascar"},"geometry":{"type":"Point","coordinates":[46.3155,-15.7137]}},{"type":"Feature","properties":{"name":"Nacala, Mozambique"},"geometry":{"type":"Point","coordinates":[40.6854,-14.5656]}},{"type":"Feature","properties":{"name":"Kralendijk, Bonaire, Sint Eustatius and Saba"},"geometry":{"type":"Point","coordinates":[-68.2655,12.1443]}},{"type":"Feature","properties":{"name":"Al Ghariya, Qatar"},"geometry":{"type":"Point","coordinates":[51.2127,26.1292]}},{"type":"Feature","properties":{"name":"Kingisepp, Russia"},"geometry":{"type":"Point","coordinates":[28.6698,59.4459]}},{"type":"Feature","properties":{"name":"Øygarden, Norway"},"geometry":{"type":"Point","coordinates":[4.8302,60.5873]}},{"type":"Feature","properties":{"name":"Numbulwar, NT, Australia"},"geometry":{"type":"Point","coordinates":[135.7216,-14.2775]}},{"type":"Feature","properties":{"name":"Alyangula, NT, Australia"},"geometry":{"type":"Point","coordinates":[136.4203,-13.8512]}},{"type":"Feature","properties":{"name":"Ilyinskoye, Russia"},"geometry":{"type":"Point","coordinates":[142.2013,47.9894]}},{"type":"Feature","properties":{"name":"Aberdeen, United Kingdom"},"geometry":{"type":"Point","coordinates":[-2.1068,57.1538]}},{"type":"Feature","properties":{"name":"The Hague, Netherlands"},"geometry":{"type":"Point","coordinates":[4.3174,52.084]}},{"type":"Feature","properties":{"name":"Okhotskoe, Russia"},"geometry":{"type":"Point","coordinates":[143.1455,46.8593]}},{"type":"Feature","properties":{"name":"St. George's Bay, Malta"},"geometry":{"type":"Point","coordinates":[14.4854,35.9259]}},{"type":"Feature","properties":{"name":"Dzhubga, Russia"},"geometry":{"type":"Point","coordinates":[38.6608,44.3252]}},{"type":"Feature","properties":{"name":"Clovelly, NSW, Australia"},"geometry":{"type":"Point","coordinates":[151.2578,-33.9095]}},{"type":"Feature","properties":{"name":"Olonkinbyen, Norway"},"geometry":{"type":"Point","coordinates":[-8.7343,70.9091]}},{"type":"Feature","properties":{"name":"Padang, Indonesia"},"geometry":{"type":"Point","coordinates":[100.3617,-0.9439]}},{"type":"Feature","properties":{"name":"Östhammar, Sweden"},"geometry":{"type":"Point","coordinates":[18.3657,60.2602]}},{"type":"Feature","properties":{"name":"Kihelkonna, Estonia"},"geometry":{"type":"Point","coordinates":[22.0381,58.36]}},{"type":"Feature","properties":{"name":"Digha, India"},"geometry":{"type":"Point","coordinates":[87.5065,21.6219]}},{"type":"Feature","properties":{"name":"Manilva, Spain"},"geometry":{"type":"Point","coordinates":[-5.2505,36.3761]}},{"type":"Feature","properties":{"name":"St. Martins, NB, Canada"},"geometry":{"type":"Point","coordinates":[-65.5558,45.348]}},{"type":"Feature","properties":{"name":"Joss Bay, United Kingdom"},"geometry":{"type":"Point","coordinates":[1.4464,51.38]}},{"type":"Feature","properties":{"name":"Newhaven, United Kingdom"},"geometry":{"type":"Point","coordinates":[0.0463,50.7929]}},{"type":"Feature","properties":{"name":"San Blas, FL, United States"},"geometry":{"type":"Point","coordinates":[-84.1207,29.9537]}},{"type":"Feature","properties":{"name":"Gianyar, Indonesia"},"geometry":{"type":"Point","coordinates":[115.3314,-8.5367]}},{"type":"Feature","properties":{"name":"Denpasar, Indonesia"},"geometry":{"type":"Point","coordinates":[115.2215,-8.6567]}},{"type":"Feature","properties":{"name":"Pringgabaya, Indonesia"},"geometry":{"type":"Point","coordinates":[116.6549,-8.5371]}},{"type":"Feature","properties":{"name":"Jdaide, Lebanon"},"geometry":{"type":"Point","coordinates":[35.563,33.8919]}},{"type":"Feature","properties":{"name":"Rock Sound, Bahamas"},"geometry":{"type":"Point","coordinates":[-76.5744,24.425]}},{"type":"Feature","properties":{"name":"West Island, Cocos (Keeling) Islands"},"geometry":{"type":"Point","coordinates":[96.8323,-12.1931]}},{"type":"Feature","properties":{"name":"Sitia, Greece"},"geometry":{"type":"Point","coordinates":[26.1072,35.207]}},{"type":"Feature","properties":{"name":"Plimmiri, Greece"},"geometry":{"type":"Point","coordinates":[27.8511,35.9279]}},{"type":"Feature","properties":{"name":"Kremasti, Greece"},"geometry":{"type":"Point","coordinates":[28.1201,36.4116]}},{"type":"Feature","properties":{"name":"Kardamena, Greece"},"geometry":{"type":"Point","coordinates":[27.1434,36.7829]}},{"type":"Feature","properties":{"name":"Kochilari, Greece"},"geometry":{"type":"Point","coordinates":[26.9951,36.7716]}},{"type":"Feature","properties":{"name":"Perivolos, Greece"},"geometry":{"type":"Point","coordinates":[25.4648,36.3454]}},{"type":"Feature","properties":{"name":"Baxedes, Greece"},"geometry":{"type":"Point","coordinates":[25.4023,36.4774]}},{"type":"Feature","properties":{"name":"Pirgaki, Greece"},"geometry":{"type":"Point","coordinates":[25.4036,36.9773]}},{"type":"Feature","properties":{"name":"Kalafati, Greece"},"geometry":{"type":"Point","coordinates":[25.4196,37.4391]}},{"type":"Feature","properties":{"name":"Agios Sostis, Greece"},"geometry":{"type":"Point","coordinates":[25.2071,37.5313]}},{"type":"Feature","properties":{"name":"Tinos, Greece"},"geometry":{"type":"Point","coordinates":[25.1605,37.5387]}},{"type":"Feature","properties":{"name":"Kavos, Greece"},"geometry":{"type":"Point","coordinates":[20.1129,39.3854]}},{"type":"Feature","properties":{"name":"Thorlakshofn, Iceland"},"geometry":{"type":"Point","coordinates":[-21.3781,63.8563]}},{"type":"Feature","properties":{"name":"Kaikoura, New Zealand"},"geometry":{"type":"Point","coordinates":[173.683,-42.4027]}},{"type":"Feature","properties":{"name":"Wellington, New Zealand"},"geometry":{"type":"Point","coordinates":[174.7671,-41.2805]}},{"type":"Feature","properties":{"name":"Christchurch, New Zealand"},"geometry":{"type":"Point","coordinates":[172.6362,-43.5321]}},{"type":"Feature","properties":{"name":"New Plymouth, New Zealand"},"geometry":{"type":"Point","coordinates":[174.0833,-39.0667]}},{"type":"Feature","properties":{"name":"Paraparaumu, New Zealand"},"geometry":{"type":"Point","coordinates":[174.9975,-40.9191]}},{"type":"Feature","properties":{"name":"Whanganui, New Zealand"},"geometry":{"type":"Point","coordinates":[175.05,-39.9333]}},{"type":"Feature","properties":{"name":"Waikanae, New Zealand"},"geometry":{"type":"Point","coordinates":[175.052,-40.8628]}},{"type":"Feature","properties":{"name":"Oteranga Bay, New Zealand"},"geometry":{"type":"Point","coordinates":[174.6134,-41.3016]}},{"type":"Feature","properties":{"name":"Fighting Bay, New Zealand"},"geometry":{"type":"Point","coordinates":[174.236,-41.339]}},{"type":"Feature","properties":{"name":"Titahi Bay, New Zealand"},"geometry":{"type":"Point","coordinates":[174.838,-41.1058]}},{"type":"Feature","properties":{"name":"Oara, New Zealand"},"geometry":{"type":"Point","coordinates":[173.5061,-42.5161]}},{"type":"Feature","properties":{"name":"Punta del Este, Uruguay"},"geometry":{"type":"Point","coordinates":[-54.95,-34.9667]}},{"type":"Feature","properties":{"name":"Kontokali, Greece"},"geometry":{"type":"Point","coordinates":[19.8585,39.6415]}},{"type":"Feature","properties":{"name":"Singkawang, Indonesia"},"geometry":{"type":"Point","coordinates":[108.9872,0.906]}},{"type":"Feature","properties":{"name":"Bengkalis, Indonesia"},"geometry":{"type":"Point","coordinates":[102.0801,1.4892]}},{"type":"Feature","properties":{"name":"Karimun, Indonesia"},"geometry":{"type":"Point","coordinates":[103.4049,0.7698]}},{"type":"Feature","properties":{"name":"Ranai, Indonesia"},"geometry":{"type":"Point","coordinates":[108.3775,3.9409]}},{"type":"Feature","properties":{"name":"Bintan, Indonesia"},"geometry":{"type":"Point","coordinates":[104.4258,1.1367]}},{"type":"Feature","properties":{"name":"Kitaibaraki, Japan"},"geometry":{"type":"Point","coordinates":[140.751,36.8018]}},{"type":"Feature","properties":{"name":"Katong, Singapore"},"geometry":{"type":"Point","coordinates":[103.9047,1.3093]}},{"type":"Feature","properties":{"name":"Casablanca, Morocco"},"geometry":{"type":"Point","coordinates":[-7.6319,33.6054]}},{"type":"Feature","properties":{"name":"Sizewell, United Kingdom"},"geometry":{"type":"Point","coordinates":[1.6203,52.2071]}},{"type":"Feature","properties":{"name":"Rurutu, French Polynesia"},"geometry":{"type":"Point","coordinates":[-151.3429,-22.4513]}},{"type":"Feature","properties":{"name":"Tubuai, French Polynesia"},"geometry":{"type":"Point","coordinates":[-149.4859,-23.347]}},{"type":"Feature","properties":{"name":"Les Îles-de-la-Madeleine, QC, Canada"},"geometry":{"type":"Point","coordinates":[-61.9557,47.3826]}},{"type":"Feature","properties":{"name":"Plataria, Greece"},"geometry":{"type":"Point","coordinates":[20.2774,39.45]}},{"type":"Feature","properties":{"name":"Filizi, Greece"},"geometry":{"type":"Point","coordinates":[25.2897,37.1253]}},{"type":"Feature","properties":{"name":"Preveza, Greece"},"geometry":{"type":"Point","coordinates":[20.7517,38.9593]}},{"type":"Feature","properties":{"name":"Crotone, Italy"},"geometry":{"type":"Point","coordinates":[17.1272,39.0807]}},{"type":"Feature","properties":{"name":"Dakhla, Morocco"},"geometry":{"type":"Point","coordinates":[-15.9344,23.7211]}},{"type":"Feature","properties":{"name":"Lombok, Indonesia"},"geometry":{"type":"Point","coordinates":[116.0725,-8.5614]}},{"type":"Feature","properties":{"name":"Padang Galak, Indonesia"},"geometry":{"type":"Point","coordinates":[115.2606,-8.6571]}},{"type":"Feature","properties":{"name":"Agat, Guam"},"geometry":{"type":"Point","coordinates":[144.6575,13.3853]}},{"type":"Feature","properties":{"name":"Eureka, CA, United States"},"geometry":{"type":"Point","coordinates":[-124.1596,40.8033]}},{"type":"Feature","properties":{"name":"Tebingtinggi Island, Indonesia"},"geometry":{"type":"Point","coordinates":[102.667,0.9326]}},{"type":"Feature","properties":{"name":"Igneada, Turkey"},"geometry":{"type":"Point","coordinates":[27.9853,41.8842]}},{"type":"Feature","properties":{"name":"Mangalia, Romania"},"geometry":{"type":"Point","coordinates":[28.5828,43.8172]}},{"type":"Feature","properties":{"name":"Varna, Bulgaria"},"geometry":{"type":"Point","coordinates":[27.9128,43.2084]}},{"type":"Feature","properties":{"name":"Natuna, Indonesia"},"geometry":{"type":"Point","coordinates":[108.1429,3.9457]}},{"type":"Feature","properties":{"name":"Lingga, Indonesia"},"geometry":{"type":"Point","coordinates":[104.6354,-0.1628]}},{"type":"Feature","properties":{"name":"Dingwall, NS, Canada"},"geometry":{"type":"Point","coordinates":[-60.4693,46.8967]}},{"type":"Feature","properties":{"name":"Codroy, NL, Canada"},"geometry":{"type":"Point","coordinates":[-59.3919,47.8816]}},{"type":"Feature","properties":{"name":"Aylesford, NS, Canada"},"geometry":{"type":"Point","coordinates":[-64.9483,45.0895]}},{"type":"Feature","properties":{"name":"Sydney Mines, NS, Canada"},"geometry":{"type":"Point","coordinates":[-60.2241,46.2293]}},{"type":"Feature","properties":{"name":"Cape Ray, NL, Canada"},"geometry":{"type":"Point","coordinates":[-59.2847,47.6367]}},{"type":"Feature","properties":{"name":"N'zeto, Angola"},"geometry":{"type":"Point","coordinates":[12.8667,-7.2333]}},{"type":"Feature","properties":{"name":"Cacongo, Angola"},"geometry":{"type":"Point","coordinates":[12.1409,-5.231]}},{"type":"Feature","properties":{"name":"Sept-Îles, QC, Canada"},"geometry":{"type":"Point","coordinates":[-66.4069,50.2309]}},{"type":"Feature","properties":{"name":"Sainte-Anne-des-Monts, QC, Canada"},"geometry":{"type":"Point","coordinates":[-66.4901,49.1238]}},{"type":"Feature","properties":{"name":"Santa Ponsa, Spain"},"geometry":{"type":"Point","coordinates":[2.4628,39.5]}},{"type":"Feature","properties":{"name":"Mallorca, Spain"},"geometry":{"type":"Point","coordinates":[2.9116,39.6135]}},{"type":"Feature","properties":{"name":"Ibiza, Spain"},"geometry":{"type":"Point","coordinates":[1.4189,38.9061]}},{"type":"Feature","properties":{"name":"San Foca, Italy"},"geometry":{"type":"Point","coordinates":[18.4052,40.302]}},{"type":"Feature","properties":{"name":"Boracay, Philippines"},"geometry":{"type":"Point","coordinates":[121.9448,11.9492]}},{"type":"Feature","properties":{"name":"Caticlan, Philippines"},"geometry":{"type":"Point","coordinates":[121.9508,11.9309]}},{"type":"Feature","properties":{"name":"Kalpeni, India"},"geometry":{"type":"Point","coordinates":[73.6441,10.0698]}},{"type":"Feature","properties":{"name":"Minicoy, India"},"geometry":{"type":"Point","coordinates":[73.0512,8.2746]}},{"type":"Feature","properties":{"name":"Andrott, India"},"geometry":{"type":"Point","coordinates":[73.6741,10.8109]}},{"type":"Feature","properties":{"name":"Kavaratti, India"},"geometry":{"type":"Point","coordinates":[72.6407,10.5647]}},{"type":"Feature","properties":{"name":"Agatti, India"},"geometry":{"type":"Point","coordinates":[72.1954,10.8629]}},{"type":"Feature","properties":{"name":"Bangaram, India"},"geometry":{"type":"Point","coordinates":[72.2872,10.9399]}},{"type":"Feature","properties":{"name":"Kadmat, India"},"geometry":{"type":"Point","coordinates":[72.7776,11.2272]}},{"type":"Feature","properties":{"name":"Bitra, India"},"geometry":{"type":"Point","coordinates":[72.1859,11.5984]}},{"type":"Feature","properties":{"name":"Chetlat, India"},"geometry":{"type":"Point","coordinates":[72.7106,11.6898]}},{"type":"Feature","properties":{"name":"Kiltan, India"},"geometry":{"type":"Point","coordinates":[73.0064,11.4852]}},{"type":"Feature","properties":{"name":"Amini, India"},"geometry":{"type":"Point","coordinates":[72.7229,11.1243]}},{"type":"Feature","properties":{"name":"Almería, Spain"},"geometry":{"type":"Point","coordinates":[-2.4638,36.8419]}},{"type":"Feature","properties":{"name":"Melilla, Spain"},"geometry":{"type":"Point","coordinates":[-2.9381,35.2923]}},{"type":"Feature","properties":{"name":"Roquetas de Mar, Spain"},"geometry":{"type":"Point","coordinates":[-2.6125,36.7638]}},{"type":"Feature","properties":{"name":"Rosarito, Mexico"},"geometry":{"type":"Point","coordinates":[-117.0638,32.3576]}},{"type":"Feature","properties":{"name":"Winema, OR, United States"},"geometry":{"type":"Point","coordinates":[-123.9734,45.1466]}},{"type":"Feature","properties":{"name":"Port Nâl, France"},"geometry":{"type":"Point","coordinates":[-3.4823,47.6502]}},{"type":"Feature","properties":{"name":"Petit Perello, France"},"geometry":{"type":"Point","coordinates":[-3.4456,47.6974]}},{"type":"Feature","properties":{"name":"Ancon, Ecuador"},"geometry":{"type":"Point","coordinates":[-80.8559,-2.3298]}},{"type":"Feature","properties":{"name":"Sapporo, Japan"},"geometry":{"type":"Point","coordinates":[141.3544,43.0621]}},{"type":"Feature","properties":{"name":"Portpatrick, United Kingdom"},"geometry":{"type":"Point","coordinates":[-5.1156,54.8437]}},{"type":"Feature","properties":{"name":"Donaghadee, United Kingdom"},"geometry":{"type":"Point","coordinates":[-5.5388,54.6428]}},{"type":"Feature","properties":{"name":"Girvan, United Kingdom"},"geometry":{"type":"Point","coordinates":[-4.8542,55.2402]}},{"type":"Feature","properties":{"name":"Larne, United Kingdom"},"geometry":{"type":"Point","coordinates":[-5.8099,54.8575]}},{"type":"Feature","properties":{"name":"Cayenne, French Guiana"},"geometry":{"type":"Point","coordinates":[-52.3135,4.9224]}},{"type":"Feature","properties":{"name":"Rockly Bay, Trinidad and Tobago"},"geometry":{"type":"Point","coordinates":[-60.7353,11.1825]}},{"type":"Feature","properties":{"name":"Cristóbal, Panama"},"geometry":{"type":"Point","coordinates":[-79.9028,9.3509]}},{"type":"Feature","properties":{"name":"Naples, FL, United States"},"geometry":{"type":"Point","coordinates":[-81.7958,26.1391]}},{"type":"Feature","properties":{"name":"Fano, Denmark"},"geometry":{"type":"Point","coordinates":[8.4069,55.4485]}},{"type":"Feature","properties":{"name":"TotalEnergies Halfdan, Denmark"},"geometry":{"type":"Point","coordinates":[5.1805,55.3222]}},{"type":"Feature","properties":{"name":"TotalEnergies Tyra, Denmark"},"geometry":{"type":"Point","coordinates":[4.5131,55.4187]}},{"type":"Feature","properties":{"name":"Nopigeia, Greece"},"geometry":{"type":"Point","coordinates":[23.7225,35.5123]}},{"type":"Feature","properties":{"name":"Neapoli, Greece"},"geometry":{"type":"Point","coordinates":[23.0357,36.5232]}},{"type":"Feature","properties":{"name":"Korakia, Greece"},"geometry":{"type":"Point","coordinates":[24.9316,35.4047]}},{"type":"Feature","properties":{"name":"Pachi, Greece"},"geometry":{"type":"Point","coordinates":[23.3632,37.974]}},{"type":"Feature","properties":{"name":"LoughShinny, Ireland"},"geometry":{"type":"Point","coordinates":[-6.0855,53.5497]}},{"type":"Feature","properties":{"name":"Port Alberni, BC, Canada"},"geometry":{"type":"Point","coordinates":[-124.8076,49.234]}},{"type":"Feature","properties":{"name":"Terre-de-Haut, Guadeloupe"},"geometry":{"type":"Point","coordinates":[-61.5788,15.873]}},{"type":"Feature","properties":{"name":"Sal Rei, Cape Verde"},"geometry":{"type":"Point","coordinates":[-22.919,16.1772]}},{"type":"Feature","properties":{"name":"Murdeira, Cape Verde"},"geometry":{"type":"Point","coordinates":[-22.9353,16.6771]}},{"type":"Feature","properties":{"name":"Tarrafal de São Nicolau, Cape Verde"},"geometry":{"type":"Point","coordinates":[-24.3572,16.5659]}},{"type":"Feature","properties":{"name":"Sao Pedro, Cape Verde"},"geometry":{"type":"Point","coordinates":[-25.0608,16.8234]}},{"type":"Feature","properties":{"name":"Tarrafal de Santiago, Cape Verde"},"geometry":{"type":"Point","coordinates":[-23.7511,15.2768]}},{"type":"Feature","properties":{"name":"Porto Novo, Cape Verde"},"geometry":{"type":"Point","coordinates":[-25.0594,17.0192]}},{"type":"Feature","properties":{"name":"Nova Sintra, Cape Verde"},"geometry":{"type":"Point","coordinates":[-24.6954,14.873]}},{"type":"Feature","properties":{"name":"Sao Filipe, Cape Verde"},"geometry":{"type":"Point","coordinates":[-24.5009,14.8971]}},{"type":"Feature","properties":{"name":"Vila do Maio, Cape Verde"},"geometry":{"type":"Point","coordinates":[-23.2098,15.1384]}},{"type":"Feature","properties":{"name":"Ciudad Lázaro Cárdenas, Mexico"},"geometry":{"type":"Point","coordinates":[-102.1943,17.9568]}},{"type":"Feature","properties":{"name":"Manzanillo, Mexico"},"geometry":{"type":"Point","coordinates":[-104.3082,19.0858]}},{"type":"Feature","properties":{"name":"Ilo, Peru"},"geometry":{"type":"Point","coordinates":[-71.3237,-17.6412]}},{"type":"Feature","properties":{"name":"To'ahotu, French Polynesia"},"geometry":{"type":"Point","coordinates":[-149.3234,-17.7505]}},{"type":"Feature","properties":{"name":"Portrane, Ireland"},"geometry":{"type":"Point","coordinates":[-6.1146,53.4932]}},{"type":"Feature","properties":{"name":"Zhuhai, China"},"geometry":{"type":"Point","coordinates":[113.5767,22.2707]}},{"type":"Feature","properties":{"name":"Wenchang, China"},"geometry":{"type":"Point","coordinates":[110.7618,20.0453]}},{"type":"Feature","properties":{"name":"Salinas, Ecuador"},"geometry":{"type":"Point","coordinates":[-81.0091,-2.2285]}},{"type":"Feature","properties":{"name":"Bergen, Norway"},"geometry":{"type":"Point","coordinates":[5.3328,60.3907]}},{"type":"Feature","properties":{"name":"Nakadomari, Japan"},"geometry":{"type":"Point","coordinates":[126.7474,26.3488]}},{"type":"Feature","properties":{"name":"Hirara, Japan"},"geometry":{"type":"Point","coordinates":[125.3013,24.7946]}},{"type":"Feature","properties":{"name":"Komesu, Japan"},"geometry":{"type":"Point","coordinates":[127.7008,26.0878]}},{"type":"Feature","properties":{"name":"Great Bay Beach, Sint Maarten"},"geometry":{"type":"Point","coordinates":[-63.0551,18.0245]}},{"type":"Feature","properties":{"name":"Great Level Bay, Bonaire, Sint Eustatius and Saba"},"geometry":{"type":"Point","coordinates":[-63.2442,17.6151]}},{"type":"Feature","properties":{"name":"Gallows Bay, Bonaire, Sint Eustatius and Saba"},"geometry":{"type":"Point","coordinates":[-62.9855,17.4759]}},{"type":"Feature","properties":{"name":"Nago, Japan"},"geometry":{"type":"Point","coordinates":[127.9773,26.5915]}},{"type":"Feature","properties":{"name":"Iskele, Cyprus"},"geometry":{"type":"Point","coordinates":[33.9195,35.2844]}},{"type":"Feature","properties":{"name":"Palanas, Philippines"},"geometry":{"type":"Point","coordinates":[123.9012,12.106]}},{"type":"Feature","properties":{"name":"Bulan, Philippines"},"geometry":{"type":"Point","coordinates":[123.8961,12.6837]}},{"type":"Feature","properties":{"name":"Cagdianao, Philippines"},"geometry":{"type":"Point","coordinates":[125.8697,9.4983]}},{"type":"Feature","properties":{"name":"Siargao Island, Philippines"},"geometry":{"type":"Point","coordinates":[126.0525,9.8552]}},{"type":"Feature","properties":{"name":"Kinoguitan, Philippines"},"geometry":{"type":"Point","coordinates":[124.8165,8.9828]}},{"type":"Feature","properties":{"name":"Camiguin Island, Philippines"},"geometry":{"type":"Point","coordinates":[124.7289,9.1725]}},{"type":"Feature","properties":{"name":"Talisay, Philippines"},"geometry":{"type":"Point","coordinates":[123.8389,10.252]}},{"type":"Feature","properties":{"name":"Tagbilaran, Philippines"},"geometry":{"type":"Point","coordinates":[123.8782,9.6754]}},{"type":"Feature","properties":{"name":"Baclayon, Philippines"},"geometry":{"type":"Point","coordinates":[123.9135,9.6226]}},{"type":"Feature","properties":{"name":"Liloy, Philippines"},"geometry":{"type":"Point","coordinates":[122.6785,8.0739]}},{"type":"Feature","properties":{"name":"Zamboanga, Philippines"},"geometry":{"type":"Point","coordinates":[122.0633,6.9114]}},{"type":"Feature","properties":{"name":"Pasacao, Philippines"},"geometry":{"type":"Point","coordinates":[122.9507,13.5478]}},{"type":"Feature","properties":{"name":"Allen, Philippines"},"geometry":{"type":"Point","coordinates":[124.2823,12.5014]}},{"type":"Feature","properties":{"name":"Santa Magdalena, Philippines"},"geometry":{"type":"Point","coordinates":[124.1071,12.6453]}},{"type":"Feature","properties":{"name":"Rarotonga, Cook Islands"},"geometry":{"type":"Point","coordinates":[-159.7697,-21.2244]}},{"type":"Feature","properties":{"name":"Aitutaki, Cook Islands"},"geometry":{"type":"Point","coordinates":[-159.7749,-18.8257]}},{"type":"Feature","properties":{"name":"Alofi, Niue"},"geometry":{"type":"Point","coordinates":[-169.9167,-19.0167]}},{"type":"Feature","properties":{"name":"Marina di Ragusa, Italy"},"geometry":{"type":"Point","coordinates":[14.5503,36.7848]}},{"type":"Feature","properties":{"name":"Ilijan, Philippines"},"geometry":{"type":"Point","coordinates":[121.0781,13.6357]}},{"type":"Feature","properties":{"name":"Boac, Philippines"},"geometry":{"type":"Point","coordinates":[121.8847,13.4291]}},{"type":"Feature","properties":{"name":"Calatrava, Philippines"},"geometry":{"type":"Point","coordinates":[122.0817,12.603]}},{"type":"Feature","properties":{"name":"Placer, Philippines"},"geometry":{"type":"Point","coordinates":[123.8615,11.9409]}},{"type":"Feature","properties":{"name":"Bacolod, Philippines"},"geometry":{"type":"Point","coordinates":[122.969,10.6407]}},{"type":"Feature","properties":{"name":"San Carlos, Philippines"},"geometry":{"type":"Point","coordinates":[123.4129,10.4837]}},{"type":"Feature","properties":{"name":"Toledo, Philippines"},"geometry":{"type":"Point","coordinates":[123.6353,10.3763]}},{"type":"Feature","properties":{"name":"Zamboanguita, Philippines"},"geometry":{"type":"Point","coordinates":[123.1675,9.1462]}},{"type":"Feature","properties":{"name":"Dipolog City, Philippines"},"geometry":{"type":"Point","coordinates":[123.335,8.5641]}},{"type":"Feature","properties":{"name":"Surigao City, Philippines"},"geometry":{"type":"Point","coordinates":[125.4868,9.7827]}},{"type":"Feature","properties":{"name":"Maasin, Philippines"},"geometry":{"type":"Point","coordinates":[124.8422,10.1786]}},{"type":"Feature","properties":{"name":"Liloan, Philippines"},"geometry":{"type":"Point","coordinates":[123.9883,10.4064]}},{"type":"Feature","properties":{"name":"Palompon, Philippines"},"geometry":{"type":"Point","coordinates":[124.3972,11.0549]}},{"type":"Feature","properties":{"name":"L'Anse-à-Beaufils, QC, Canada"},"geometry":{"type":"Point","coordinates":[-64.309,48.4718]}},{"type":"Feature","properties":{"name":"Freeport, TX, United States"},"geometry":{"type":"Point","coordinates":[-95.3444,28.9496]}},{"type":"Feature","properties":{"name":"Houstrup, Denmark"},"geometry":{"type":"Point","coordinates":[8.1931,55.7646]}},{"type":"Feature","properties":{"name":"Quy Nhon, Vietnam"},"geometry":{"type":"Point","coordinates":[109.2197,13.783]}},{"type":"Feature","properties":{"name":"Sharjah, United Arab Emirates"},"geometry":{"type":"Point","coordinates":[55.3922,25.3523]}},{"type":"Feature","properties":{"name":"Sir Abu Nu'Ayr Island, United Arab Emirates"},"geometry":{"type":"Point","coordinates":[54.2211,25.2408]}},{"type":"Feature","properties":{"name":"Bunkum Bay, Montserrat"},"geometry":{"type":"Point","coordinates":[-62.2202,16.7723]}},{"type":"Feature","properties":{"name":"We, New Caledonia"},"geometry":{"type":"Point","coordinates":[167.2605,-20.937]}},{"type":"Feature","properties":{"name":"Tadine, New Caledonia"},"geometry":{"type":"Point","coordinates":[167.8795,-21.5481]}},{"type":"Feature","properties":{"name":"Vao, New Caledonia"},"geometry":{"type":"Point","coordinates":[167.4942,-22.6719]}},{"type":"Feature","properties":{"name":"Yate, New Caledonia"},"geometry":{"type":"Point","coordinates":[166.945,-22.159]}},{"type":"Feature","properties":{"name":"Mont-Dore, New Caledonia"},"geometry":{"type":"Point","coordinates":[166.5636,-22.2654]}},{"type":"Feature","properties":{"name":"Aeng Batu Batu, Indonesia"},"geometry":{"type":"Point","coordinates":[119.3846,-5.3433]}},{"type":"Feature","properties":{"name":"False Pass, AK, United States"},"geometry":{"type":"Point","coordinates":[-163.415,54.8508]}},{"type":"Feature","properties":{"name":"Akutan, AK, United States"},"geometry":{"type":"Point","coordinates":[-165.7731,54.1356]}},{"type":"Feature","properties":{"name":"King Cove, AK, United States"},"geometry":{"type":"Point","coordinates":[-162.3044,55.0491]}},{"type":"Feature","properties":{"name":"Cold Bay, AK, United States"},"geometry":{"type":"Point","coordinates":[-162.704,55.2041]}},{"type":"Feature","properties":{"name":"Sand Point, AK, United States"},"geometry":{"type":"Point","coordinates":[-160.5007,55.336]}},{"type":"Feature","properties":{"name":"Chignik Bay, AK, United States"},"geometry":{"type":"Point","coordinates":[-158.4088,56.2944]}},{"type":"Feature","properties":{"name":"Chignik Lagoon, AK, United States"},"geometry":{"type":"Point","coordinates":[-158.5072,56.3213]}},{"type":"Feature","properties":{"name":"Chignik Lake, AK, United States"},"geometry":{"type":"Point","coordinates":[-158.7721,56.2549]}},{"type":"Feature","properties":{"name":"Larsen Bay, AK, United States"},"geometry":{"type":"Point","coordinates":[-153.986,57.5372]}},{"type":"Feature","properties":{"name":"Unalaska, AK, United States"},"geometry":{"type":"Point","coordinates":[-166.5332,53.8844]}},{"type":"Feature","properties":{"name":"Port Lions, AK, United States"},"geometry":{"type":"Point","coordinates":[-152.8819,57.8694]}},{"type":"Feature","properties":{"name":"Ouzinkie, AK, United States"},"geometry":{"type":"Point","coordinates":[-152.5017,57.9252]}},{"type":"Feature","properties":{"name":"Perryville, AK, United States"},"geometry":{"type":"Point","coordinates":[-159.1448,55.9175]}},{"type":"Feature","properties":{"name":"Ustupo, Panama"},"geometry":{"type":"Point","coordinates":[-77.9335,9.1254]}},{"type":"Feature","properties":{"name":"Santa Marta, Colombia"},"geometry":{"type":"Point","coordinates":[-74.2053,11.242]}},{"type":"Feature","properties":{"name":"Puerto Colombia, Colombia"},"geometry":{"type":"Point","coordinates":[-74.9528,11.0052]}},{"type":"Feature","properties":{"name":"Parque Isla de Salamanca, Colombia"},"geometry":{"type":"Point","coordinates":[-74.6119,11.0122]}},{"type":"Feature","properties":{"name":"Galway, Ireland"},"geometry":{"type":"Point","coordinates":[-9.0483,53.2739]}},{"type":"Feature","properties":{"name":"Le Porge, France"},"geometry":{"type":"Point","coordinates":[-1.2119,44.8938]}},{"type":"Feature","properties":{"name":"Pascagoula, MS, United States"},"geometry":{"type":"Point","coordinates":[-88.5561,30.3658]}},{"type":"Feature","properties":{"name":"Isla de Cozumel, Mexico"},"geometry":{"type":"Point","coordinates":[-86.8792,20.4286]}},{"type":"Feature","properties":{"name":"Morrojable, Canary Islands, Spain"},"geometry":{"type":"Point","coordinates":[-14.3584,28.0487]}},{"type":"Feature","properties":{"name":"Aguimes, Canary Islands, Spain"},"geometry":{"type":"Point","coordinates":[-15.3907,27.8955]}},{"type":"Feature","properties":{"name":"Bogo, Philippines"},"geometry":{"type":"Point","coordinates":[124.0077,11.0459]}},{"type":"Feature","properties":{"name":"Naga, Philippines"},"geometry":{"type":"Point","coordinates":[123.6914,10.2382]}},{"type":"Feature","properties":{"name":"Buenavista, Philippines"},"geometry":{"type":"Point","coordinates":[125.4207,8.9689]}},{"type":"Feature","properties":{"name":"San Remigio, Philippines"},"geometry":{"type":"Point","coordinates":[123.9363,11.0833]}},{"type":"Feature","properties":{"name":"Talisay City, Philippines"},"geometry":{"type":"Point","coordinates":[122.9678,10.7394]}},{"type":"Feature","properties":{"name":"Leganes, Philippines"},"geometry":{"type":"Point","coordinates":[122.5894,10.7866]}},{"type":"Feature","properties":{"name":"Milagros, Philippines"},"geometry":{"type":"Point","coordinates":[123.5091,12.2181]}},{"type":"Feature","properties":{"name":"Roxas, Philippines"},"geometry":{"type":"Point","coordinates":[121.5277,12.5864]}},{"type":"Feature","properties":{"name":"San Juan, Philippines"},"geometry":{"type":"Point","coordinates":[121.4489,13.8099]}},{"type":"Feature","properties":{"name":"Saint-François, Guadeloupe"},"geometry":{"type":"Point","coordinates":[-61.2745,16.2511]}},{"type":"Feature","properties":{"name":"Beausejour, Guadeloupe"},"geometry":{"type":"Point","coordinates":[-61.0739,16.3036]}},{"type":"Feature","properties":{"name":"Saint-Louis, Guadeloupe"},"geometry":{"type":"Point","coordinates":[-61.3191,15.9534]}},{"type":"Feature","properties":{"name":"Capesterre-Belle-Eau, Guadeloupe"},"geometry":{"type":"Point","coordinates":[-61.5647,16.0424]}},{"type":"Feature","properties":{"name":"Playa del Carmen, Mexico"},"geometry":{"type":"Point","coordinates":[-87.0702,20.6297]}},{"type":"Feature","properties":{"name":"Hanstholm, Denmark"},"geometry":{"type":"Point","coordinates":[8.6162,57.1116]}},{"type":"Feature","properties":{"name":"La Línea, Spain"},"geometry":{"type":"Point","coordinates":[-5.3252,36.2103]}},{"type":"Feature","properties":{"name":"Playa de la Ribera, Spain"},"geometry":{"type":"Point","coordinates":[-5.3137,35.8868]}},{"type":"Feature","properties":{"name":"Tarifa, Spain"},"geometry":{"type":"Point","coordinates":[-5.6045,36.0143]}},{"type":"Feature","properties":{"name":"Playa de Benitez, Spain"},"geometry":{"type":"Point","coordinates":[-5.3347,35.8939]}},{"type":"Feature","properties":{"name":"Veules-les-Roses, France"},"geometry":{"type":"Point","coordinates":[0.7978,49.8773]}},{"type":"Feature","properties":{"name":"Brighton, United Kingdom"},"geometry":{"type":"Point","coordinates":[-0.1344,50.8285]}},{"type":"Feature","properties":{"name":"Ixtapa-Zihuatanejo, Mexico"},"geometry":{"type":"Point","coordinates":[-101.6105,17.6641]}},{"type":"Feature","properties":{"name":"Atafu, Tokelau"},"geometry":{"type":"Point","coordinates":[-172.5109,-8.5591]}},{"type":"Feature","properties":{"name":"Fakaofo, Tokelau"},"geometry":{"type":"Point","coordinates":[-171.2615,-9.3838]}},{"type":"Feature","properties":{"name":"Umbogintwini, South Africa"},"geometry":{"type":"Point","coordinates":[30.9016,-30.0217]}},{"type":"Feature","properties":{"name":"Bacong, Philippines"},"geometry":{"type":"Point","coordinates":[123.295,9.2463]}},{"type":"Feature","properties":{"name":"Valverde, Canary Islands, Spain"},"geometry":{"type":"Point","coordinates":[-17.8909,27.8202]}},{"type":"Feature","properties":{"name":"San Sebastian de la Gomera, Canary Islands, Spain"},"geometry":{"type":"Point","coordinates":[-17.1082,28.088]}},{"type":"Feature","properties":{"name":"Los Realejos, Canary Islands, Spain"},"geometry":{"type":"Point","coordinates":[-16.5864,28.3976]}},{"type":"Feature","properties":{"name":"Sardina, Canary Islands, Spain"},"geometry":{"type":"Point","coordinates":[-15.694,28.1499]}},{"type":"Feature","properties":{"name":"Oshima, Japan"},"geometry":{"type":"Point","coordinates":[139.3607,34.7507]}},{"type":"Feature","properties":{"name":"Shikinejima, Japan"},"geometry":{"type":"Point","coordinates":[139.2155,34.3309]}},{"type":"Feature","properties":{"name":"Kozushima, Japan"},"geometry":{"type":"Point","coordinates":[139.1396,34.207]}},{"type":"Feature","properties":{"name":"Hosan-ri, South Korea"},"geometry":{"type":"Point","coordinates":[129.3387,37.1751]}},{"type":"Feature","properties":{"name":"Goseong-ri, South Korea"},"geometry":{"type":"Point","coordinates":[126.9093,33.4416]}},{"type":"Feature","properties":{"name":"Mijo-myeon, South Korea"},"geometry":{"type":"Point","coordinates":[128.0274,34.7284]}},{"type":"Feature","properties":{"name":"Goheung, South Korea"},"geometry":{"type":"Point","coordinates":[127.286,34.6094]}},{"type":"Feature","properties":{"name":"Tobishima, Japan"},"geometry":{"type":"Point","coordinates":[139.549,39.195]}},{"type":"Feature","properties":{"name":"Yuza, Japan"},"geometry":{"type":"Point","coordinates":[139.9096,39.021]}},{"type":"Feature","properties":{"name":"Rome, Italy"},"geometry":{"type":"Point","coordinates":[12.4958,41.9031]}},{"type":"Feature","properties":{"name":"Bastia, France"},"geometry":{"type":"Point","coordinates":[9.4509,42.6973]}},{"type":"Feature","properties":{"name":"Golfo Aranci, Italy"},"geometry":{"type":"Point","coordinates":[9.6132,41.0048]}},{"type":"Feature","properties":{"name":"Port Said, Egypt"},"geometry":{"type":"Point","coordinates":[32.2845,31.2593]}},{"type":"Feature","properties":{"name":"Chai Wan, China"},"geometry":{"type":"Point","coordinates":[114.2394,22.2689]}},{"type":"Feature","properties":{"name":"Bandar Lampung, Indonesia"},"geometry":{"type":"Point","coordinates":[105.2541,-5.4092]}},{"type":"Feature","properties":{"name":"Benculuk, Indonesia"},"geometry":{"type":"Point","coordinates":[114.0971,-8.6156]}},{"type":"Feature","properties":{"name":"Hilo, HI, United States"},"geometry":{"type":"Point","coordinates":[-155.0819,19.7192]}},{"type":"Feature","properties":{"name":"Toshima, Japan"},"geometry":{"type":"Point","coordinates":[139.2789,34.5298]}},{"type":"Feature","properties":{"name":"Cordova, AK, United States"},"geometry":{"type":"Point","coordinates":[-145.7547,60.5427]}},{"type":"Feature","properties":{"name":"Torquay, VIC, Australia"},"geometry":{"type":"Point","coordinates":[144.3269,-38.3292]}},{"type":"Feature","properties":{"name":"Adelaide, SA, Australia"},"geometry":{"type":"Point","coordinates":[138.5999,-34.9261]}},{"type":"Feature","properties":{"name":"Ulleung, South Korea"},"geometry":{"type":"Point","coordinates":[130.8933,37.4893]}},{"type":"Feature","properties":{"name":"Niijima, Japan"},"geometry":{"type":"Point","coordinates":[139.2584,34.3739]}},{"type":"Feature","properties":{"name":"Mikurashima, Japan"},"geometry":{"type":"Point","coordinates":[139.597,33.8835]}},{"type":"Feature","properties":{"name":"Aogashima, Japan"},"geometry":{"type":"Point","coordinates":[139.7656,32.4572]}},{"type":"Feature","properties":{"name":"Itō, Japan"},"geometry":{"type":"Point","coordinates":[139.1048,34.9632]}},{"type":"Feature","properties":{"name":"Schooner Bight, Colombia"},"geometry":{"type":"Point","coordinates":[-81.73,12.5511]}},{"type":"Feature","properties":{"name":"Ponce, PR, United States"},"geometry":{"type":"Point","coordinates":[-66.6266,17.9827]}},{"type":"Feature","properties":{"name":"Santo Domingo, Dominican Republic"},"geometry":{"type":"Point","coordinates":[-69.9405,18.4868]}},{"type":"Feature","properties":{"name":"Point Roberts, WA, United States"},"geometry":{"type":"Point","coordinates":[-123.0568,48.9887]}},{"type":"Feature","properties":{"name":"Seattle, WA, United States"},"geometry":{"type":"Point","coordinates":[-122.3294,47.6036]}},{"type":"Feature","properties":{"name":"Cordova Bay, BC, Canada"},"geometry":{"type":"Point","coordinates":[-123.3672,48.5204]}},{"type":"Feature","properties":{"name":"Oak Harbor, WA, United States"},"geometry":{"type":"Point","coordinates":[-122.6471,48.2906]}},{"type":"Feature","properties":{"name":"Esquimalt, BC, Canada"},"geometry":{"type":"Point","coordinates":[-123.4146,48.4301]}},{"type":"Feature","properties":{"name":"Pointe-au-Père, QC, Canada"},"geometry":{"type":"Point","coordinates":[-68.4594,48.5033]}},{"type":"Feature","properties":{"name":"Baie-Comeau, QC, Canada"},"geometry":{"type":"Point","coordinates":[-68.1525,49.221]}},{"type":"Feature","properties":{"name":"Bic, QC, Canada"},"geometry":{"type":"Point","coordinates":[-68.7093,48.3728]}},{"type":"Feature","properties":{"name":"Forestville, QC, Canada"},"geometry":{"type":"Point","coordinates":[-69.0836,48.7394]}},{"type":"Feature","properties":{"name":"Iquique, Chile"},"geometry":{"type":"Point","coordinates":[-70.1422,-20.2167]}},{"type":"Feature","properties":{"name":"Antofagasta, Chile"},"geometry":{"type":"Point","coordinates":[-70.4,-23.65]}},{"type":"Feature","properties":{"name":"La Serena, Chile"},"geometry":{"type":"Point","coordinates":[-71.2502,-29.9063]}},{"type":"Feature","properties":{"name":"Miyake, Japan"},"geometry":{"type":"Point","coordinates":[139.4954,34.0904]}},{"type":"Feature","properties":{"name":"Muscat, Oman"},"geometry":{"type":"Point","coordinates":[58.4078,23.5841]}},{"type":"Feature","properties":{"name":"Cacique, Dominican Republic"},"geometry":{"type":"Point","coordinates":[-70.1617,18.6996]}},{"type":"Feature","properties":{"name":"Claveria, Philippines"},"geometry":{"type":"Point","coordinates":[121.0824,18.6062]}},{"type":"Feature","properties":{"name":"Kahului, HI, United States"},"geometry":{"type":"Point","coordinates":[-156.4671,20.8908]}},{"type":"Feature","properties":{"name":"Maamigili, Maldives"},"geometry":{"type":"Point","coordinates":[72.8363,3.4729]}},{"type":"Feature","properties":{"name":"Kudahuvadhoo, Maldives"},"geometry":{"type":"Point","coordinates":[72.8933,2.6709]}},{"type":"Feature","properties":{"name":"Naknek, AK, United States"},"geometry":{"type":"Point","coordinates":[-157.0127,58.7321]}},{"type":"Feature","properties":{"name":"Veracruz, Mexico"},"geometry":{"type":"Point","coordinates":[-96.1408,19.1955]}},{"type":"Feature","properties":{"name":"Fiumicino, Italy"},"geometry":{"type":"Point","coordinates":[12.2269,41.7697]}},{"type":"Feature","properties":{"name":"Chisasibi, QC, Canada"},"geometry":{"type":"Point","coordinates":[-78.8935,53.7736]}},{"type":"Feature","properties":{"name":"Puvirnituq, QC, Canada"},"geometry":{"type":"Point","coordinates":[-77.2692,60.0371]}},{"type":"Feature","properties":{"name":"Umiujaq, QC, Canada"},"geometry":{"type":"Point","coordinates":[-76.5471,56.5516]}},{"type":"Feature","properties":{"name":"Kuujjuarapik, QC, Canada"},"geometry":{"type":"Point","coordinates":[-77.7624,55.2759]}},{"type":"Feature","properties":{"name":"Inukjuak, QC, Canada"},"geometry":{"type":"Point","coordinates":[-78.1051,58.4551]}},{"type":"Feature","properties":{"name":"Ivujivik, QC, Canada"},"geometry":{"type":"Point","coordinates":[-77.9167,62.4167]}},{"type":"Feature","properties":{"name":"Salluit, QC, Canada"},"geometry":{"type":"Point","coordinates":[-75.6469,62.2013]}},{"type":"Feature","properties":{"name":"Barber’s Point, HI, United States"},"geometry":{"type":"Point","coordinates":[-158.0943,21.3138]}},{"type":"Feature","properties":{"name":"Miura, Japan"},"geometry":{"type":"Point","coordinates":[139.6208,35.1442]}},{"type":"Feature","properties":{"name":"Gresik, Indonesia"},"geometry":{"type":"Point","coordinates":[112.6524,-7.1652]}},{"type":"Feature","properties":{"name":"Udo, South Korea"},"geometry":{"type":"Point","coordinates":[126.9558,33.5053]}},{"type":"Feature","properties":{"name":"Dhuvaafaru, Maldives"},"geometry":{"type":"Point","coordinates":[73.0414,5.6293]}},{"type":"Feature","properties":{"name":"Velidhoo, Maldives"},"geometry":{"type":"Point","coordinates":[73.2751,5.6622]}},{"type":"Feature","properties":{"name":"Kangiqsujuaq, QC, Canada"},"geometry":{"type":"Point","coordinates":[-71.9539,61.5963]}},{"type":"Feature","properties":{"name":"Clinton, WA, United States"},"geometry":{"type":"Point","coordinates":[-122.3574,47.9795]}},{"type":"Feature","properties":{"name":"Hat Island, WA, United States"},"geometry":{"type":"Point","coordinates":[-122.3198,48.0136]}},{"type":"Feature","properties":{"name":"Maxwelton, WA, United States"},"geometry":{"type":"Point","coordinates":[-122.4411,47.9409]}},{"type":"Feature","properties":{"name":"Everett, WA, United States"},"geometry":{"type":"Point","coordinates":[-122.2064,47.9766]}},{"type":"Feature","properties":{"name":"Greenbank, WA, United States"},"geometry":{"type":"Point","coordinates":[-122.5737,48.0987]}},{"type":"Feature","properties":{"name":"Cama Beach, WA, United States"},"geometry":{"type":"Point","coordinates":[-122.5097,48.1422]}},{"type":"Feature","properties":{"name":"Nahariyya, Israel"},"geometry":{"type":"Point","coordinates":[35.1064,33.0365]}},{"type":"Feature","properties":{"name":"Herzeliyya, Israel"},"geometry":{"type":"Point","coordinates":[34.8447,32.1624]}},{"type":"Feature","properties":{"name":"Rishon Le’Zion, Israel"},"geometry":{"type":"Point","coordinates":[34.7851,31.9778]}},{"type":"Feature","properties":{"name":"San Luis Obispo, CA, United States"},"geometry":{"type":"Point","coordinates":[-120.6625,35.2854]}},{"type":"Feature","properties":{"name":"Santa Barbara, CA, United States"},"geometry":{"type":"Point","coordinates":[-119.6989,34.4193]}},{"type":"Feature","properties":{"name":"Yakutat, AK, United States"},"geometry":{"type":"Point","coordinates":[-139.6735,59.5458]}},{"type":"Feature","properties":{"name":"Pelican, AK, United States"},"geometry":{"type":"Point","coordinates":[-136.2286,57.9607]}},{"type":"Feature","properties":{"name":"Gustavus, AK, United States"},"geometry":{"type":"Point","coordinates":[-135.7208,58.4179]}},{"type":"Feature","properties":{"name":"Hoonah, AK, United States"},"geometry":{"type":"Point","coordinates":[-135.4338,58.1119]}},{"type":"Feature","properties":{"name":"Akulivik, QC, Canada"},"geometry":{"type":"Point","coordinates":[-78.1442,60.8177]}},{"type":"Feature","properties":{"name":"Deception, QC, Canada"},"geometry":{"type":"Point","coordinates":[-74.6301,62.1149]}},{"type":"Feature","properties":{"name":"Quaqtaq, QC, Canada"},"geometry":{"type":"Point","coordinates":[-69.6399,61.0417]}},{"type":"Feature","properties":{"name":"Kangirsuk, QC, Canada"},"geometry":{"type":"Point","coordinates":[-70.0262,60.0234]}},{"type":"Feature","properties":{"name":"Aupaluk, QC, Canada"},"geometry":{"type":"Point","coordinates":[-69.5975,59.3057]}},{"type":"Feature","properties":{"name":"Tasiujaq, QC, Canada"},"geometry":{"type":"Point","coordinates":[-69.9374,58.6974]}},{"type":"Feature","properties":{"name":"Kuujjuaq, QC, Canada"},"geometry":{"type":"Point","coordinates":[-68.4188,58.103]}},{"type":"Feature","properties":{"name":"Kangiqsualujjuaq, QC, Canada"},"geometry":{"type":"Point","coordinates":[-65.9951,58.7102]}},{"type":"Feature","properties":{"name":"Winterton-on-Sea, United Kingdom"},"geometry":{"type":"Point","coordinates":[1.6935,52.7152]}},{"type":"Feature","properties":{"name":"Callantsoog, Netherlands"},"geometry":{"type":"Point","coordinates":[4.7007,52.8369]}},{"type":"Feature","properties":{"name":"Shoreham, NY, United States"},"geometry":{"type":"Point","coordinates":[-72.9092,40.9608]}},{"type":"Feature","properties":{"name":"New Haven, CT, United States"},"geometry":{"type":"Point","coordinates":[-72.925,41.3071]}},{"type":"Feature","properties":{"name":"Jarry, Guadeloupe"},"geometry":{"type":"Point","coordinates":[-61.5711,16.2401]}},{"type":"Feature","properties":{"name":"Marigot, Saint Martin"},"geometry":{"type":"Point","coordinates":[-63.0825,18.0675]}},{"type":"Feature","properties":{"name":"Teahupo'o, French Polynesia"},"geometry":{"type":"Point","coordinates":[-149.2486,-17.8494]}},{"type":"Feature","properties":{"name":"Tautira, French Polynesia"},"geometry":{"type":"Point","coordinates":[-149.177,-17.7718]}},{"type":"Feature","properties":{"name":"Sture, Norway"},"geometry":{"type":"Point","coordinates":[4.8555,60.622]}},{"type":"Feature","properties":{"name":"Hyllestad, Norway"},"geometry":{"type":"Point","coordinates":[5.2934,61.1723]}},{"type":"Feature","properties":{"name":"Herlandsvika, Norway"},"geometry":{"type":"Point","coordinates":[6.4658,62.6144]}},{"type":"Feature","properties":{"name":"Andalsnes, Norway"},"geometry":{"type":"Point","coordinates":[7.6816,62.5658]}},{"type":"Feature","properties":{"name":"Brekstad, Norway"},"geometry":{"type":"Point","coordinates":[9.6631,63.6884]}},{"type":"Feature","properties":{"name":"Kristiansund, Norway"},"geometry":{"type":"Point","coordinates":[7.7297,63.1108]}},{"type":"Feature","properties":{"name":"Åheim, Norway"},"geometry":{"type":"Point","coordinates":[5.5223,62.036]}},{"type":"Feature","properties":{"name":"Lefdal, Norway"},"geometry":{"type":"Point","coordinates":[5.4985,61.9355]}},{"type":"Feature","properties":{"name":"Florø, Norway"},"geometry":{"type":"Point","coordinates":[4.9759,61.5963]}},{"type":"Feature","properties":{"name":"Tjeldbergodden, Norway"},"geometry":{"type":"Point","coordinates":[8.694,63.4082]}},{"type":"Feature","properties":{"name":"Hitra, Norway"},"geometry":{"type":"Point","coordinates":[8.9753,63.5046]}},{"type":"Feature","properties":{"name":"Edøya, Norway"},"geometry":{"type":"Point","coordinates":[8.0934,63.301]}},{"type":"Feature","properties":{"name":"Belmont, United Kingdom"},"geometry":{"type":"Point","coordinates":[-0.9668,60.6874]}},{"type":"Feature","properties":{"name":"Gutcher, United Kingdom"},"geometry":{"type":"Point","coordinates":[-1.0072,60.6694]}},{"type":"Feature","properties":{"name":"Burravoe, United Kingdom"},"geometry":{"type":"Point","coordinates":[-1.0556,60.4994]}},{"type":"Feature","properties":{"name":"Mossbank, United Kingdom"},"geometry":{"type":"Point","coordinates":[-1.1822,60.4591]}},{"type":"Feature","properties":{"name":"Symbister, United Kingdom"},"geometry":{"type":"Point","coordinates":[-1.0249,60.341]}},{"type":"Feature","properties":{"name":"Skelberry, United Kingdom"},"geometry":{"type":"Point","coordinates":[-1.1415,60.3514]}},{"type":"Feature","properties":{"name":"Yuanli, Taiwan"},"geometry":{"type":"Point","coordinates":[120.6455,24.4325]}},{"type":"Feature","properties":{"name":"Jinhu Township, Taiwan"},"geometry":{"type":"Point","coordinates":[118.4394,24.4375]}},{"type":"Feature","properties":{"name":"Budai, Taiwan"},"geometry":{"type":"Point","coordinates":[120.1705,23.3628]}},{"type":"Feature","properties":{"name":"Huxi Township, Taiwan"},"geometry":{"type":"Point","coordinates":[119.6562,23.5736]}},{"type":"Feature","properties":{"name":"Jincheng Township, Taiwan"},"geometry":{"type":"Point","coordinates":[118.3158,24.4134]}},{"type":"Feature","properties":{"name":"Tainan, Taiwan"},"geometry":{"type":"Point","coordinates":[120.1809,22.9972]}},{"type":"Feature","properties":{"name":"Taoyuan, Taiwan"},"geometry":{"type":"Point","coordinates":[121.3111,24.9889]}},{"type":"Feature","properties":{"name":"Magong, Taiwan"},"geometry":{"type":"Point","coordinates":[119.5745,23.5715]}},{"type":"Feature","properties":{"name":"Xiyu Township, Taiwan"},"geometry":{"type":"Point","coordinates":[119.512,23.6019]}},{"type":"Feature","properties":{"name":"Beigan, Taiwan"},"geometry":{"type":"Point","coordinates":[119.9886,26.2254]}},{"type":"Feature","properties":{"name":"Ålesund, Norway"},"geometry":{"type":"Point","coordinates":[6.1744,62.4715]}},{"type":"Feature","properties":{"name":"Molde, Norway"},"geometry":{"type":"Point","coordinates":[7.1607,62.7372]}},{"type":"Feature","properties":{"name":"Osoviny, Ukraine"},"geometry":{"type":"Point","coordinates":[36.5911,45.431]}},{"type":"Feature","properties":{"name":"Beihai, China"},"geometry":{"type":"Point","coordinates":[109.1053,21.4845]}},{"type":"Feature","properties":{"name":"Lingao, China"},"geometry":{"type":"Point","coordinates":[109.6776,19.9048]}},{"type":"Feature","properties":{"name":"Mamu, China"},"geometry":{"type":"Point","coordinates":[121.9457,30.1719]}},{"type":"Feature","properties":{"name":"Xiepu, China"},"geometry":{"type":"Point","coordinates":[121.6399,30.0431]}},{"type":"Feature","properties":{"name":"Dalian, China"},"geometry":{"type":"Point","coordinates":[121.5765,38.9438]}},{"type":"Feature","properties":{"name":"Yantai, China"},"geometry":{"type":"Point","coordinates":[121.4,37.53]}},{"type":"Feature","properties":{"name":"Ugolnye Kopi, Russia"},"geometry":{"type":"Point","coordinates":[177.6403,64.7378]}},{"type":"Feature","properties":{"name":"Cienfuegos, Cuba"},"geometry":{"type":"Point","coordinates":[-80.449,22.1459]}},{"type":"Feature","properties":{"name":"Kista, Sweden"},"geometry":{"type":"Point","coordinates":[17.9436,59.4029]}},{"type":"Feature","properties":{"name":"Barcelona, Spain"},"geometry":{"type":"Point","coordinates":[2.1688,41.3856]}},{"type":"Feature","properties":{"name":"Sumburgh, United Kingdom"},"geometry":{"type":"Point","coordinates":[-1.2871,59.8691]}},{"type":"Feature","properties":{"name":"Fair Isle, United Kingdom"},"geometry":{"type":"Point","coordinates":[-1.618,59.5279]}},{"type":"Feature","properties":{"name":"Scuthvie Bay, United Kingdom"},"geometry":{"type":"Point","coordinates":[-2.4191,59.2898]}},{"type":"Feature","properties":{"name":"Odie, United Kingdom"},"geometry":{"type":"Point","coordinates":[-2.6537,59.1489]}},{"type":"Feature","properties":{"name":"Stove, United Kingdom"},"geometry":{"type":"Point","coordinates":[-2.6537,59.1489]}},{"type":"Feature","properties":{"name":"Bay of London, United Kingdom"},"geometry":{"type":"Point","coordinates":[-2.7662,59.1923]}},{"type":"Feature","properties":{"name":"Gump of Spurness, United Kingdom"},"geometry":{"type":"Point","coordinates":[-2.7015,59.2063]}},{"type":"Feature","properties":{"name":"Rapness, United Kingdom"},"geometry":{"type":"Point","coordinates":[-2.8576,59.2554]}},{"type":"Feature","properties":{"name":"Cusbay, United Kingdom"},"geometry":{"type":"Point","coordinates":[-2.784,59.2246]}},{"type":"Feature","properties":{"name":"Evie, United Kingdom"},"geometry":{"type":"Point","coordinates":[-3.1084,59.1135]}},{"type":"Feature","properties":{"name":"Westness, United Kingdom"},"geometry":{"type":"Point","coordinates":[-3.078,59.1438]}},{"type":"Feature","properties":{"name":"Linksness, United Kingdom"},"geometry":{"type":"Point","coordinates":[-2.8177,58.9792]}},{"type":"Feature","properties":{"name":"Sandgarth, United Kingdom"},"geometry":{"type":"Point","coordinates":[-2.8362,59.0252]}},{"type":"Feature","properties":{"name":"Weddel, United Kingdom"},"geometry":{"type":"Point","coordinates":[-3.1451,58.8297]}},{"type":"Feature","properties":{"name":"Crockness, United Kingdom"},"geometry":{"type":"Point","coordinates":[-3.172,58.8227]}},{"type":"Feature","properties":{"name":"Hoxa, United Kingdom"},"geometry":{"type":"Point","coordinates":[-2.9914,58.8264]}},{"type":"Feature","properties":{"name":"Quoyness, United Kingdom"},"geometry":{"type":"Point","coordinates":[-3.0856,58.831]}},{"type":"Feature","properties":{"name":"Laig, United Kingdom"},"geometry":{"type":"Point","coordinates":[-6.1607,56.912]}},{"type":"Feature","properties":{"name":"Morar, United Kingdom"},"geometry":{"type":"Point","coordinates":[-5.8508,56.9465]}},{"type":"Feature","properties":{"name":"Port Appin, United Kingdom"},"geometry":{"type":"Point","coordinates":[-5.4124,56.5523]}},{"type":"Feature","properties":{"name":"Port Ramsay, United Kingdom"},"geometry":{"type":"Point","coordinates":[-5.4424,56.5524]}},{"type":"Feature","properties":{"name":"Fionnaphort, United Kingdom"},"geometry":{"type":"Point","coordinates":[-6.3681,56.323]}},{"type":"Feature","properties":{"name":"Baile Mòr, United Kingdom"},"geometry":{"type":"Point","coordinates":[-6.3947,56.329]}},{"type":"Feature","properties":{"name":"Scoor, United Kingdom"},"geometry":{"type":"Point","coordinates":[-6.1778,56.2917]}},{"type":"Feature","properties":{"name":"Kiloran Bay, United Kingdom"},"geometry":{"type":"Point","coordinates":[-6.1802,56.1036]}},{"type":"Feature","properties":{"name":"Gqeberha, South Africa"},"geometry":{"type":"Point","coordinates":[25.6233,-33.9625]}},{"type":"Feature","properties":{"name":"Kwa Ibo, Nigeria"},"geometry":{"type":"Point","coordinates":[7.9974,4.5438]}},{"type":"Feature","properties":{"name":"Carana, Seychelles"},"geometry":{"type":"Point","coordinates":[55.453,-4.5657]}},{"type":"Feature","properties":{"name":"Tocopilla, Chile"},"geometry":{"type":"Point","coordinates":[-70.1977,-22.0884]}},{"type":"Feature","properties":{"name":"Puerto Saavedra, Chile"},"geometry":{"type":"Point","coordinates":[-73.3968,-38.7871]}},{"type":"Feature","properties":{"name":"Caldera, Chile"},"geometry":{"type":"Point","coordinates":[-70.8124,-27.062]}},{"type":"Feature","properties":{"name":"Constitución, Chile"},"geometry":{"type":"Point","coordinates":[-72.4161,-35.3184]}},{"type":"Feature","properties":{"name":"Cartagena, Chile"},"geometry":{"type":"Point","coordinates":[-71.6001,-33.5469]}},{"type":"Feature","properties":{"name":"San Pedro de la Paz, Chile"},"geometry":{"type":"Point","coordinates":[-73.109,-36.8317]}},{"type":"Feature","properties":{"name":"Johnstone Point, AK, United States"},"geometry":{"type":"Point","coordinates":[-146.6119,60.4825]}},{"type":"Feature","properties":{"name":"Chenega, AK, United States"},"geometry":{"type":"Point","coordinates":[-148.0108,60.0651]}},{"type":"Feature","properties":{"name":"Nabas, Philippines"},"geometry":{"type":"Point","coordinates":[122.0333,11.8679]}},{"type":"Feature","properties":{"name":"Daanbantayan, Philippines"},"geometry":{"type":"Point","coordinates":[124.0173,11.2465]}},{"type":"Feature","properties":{"name":"Matnog, Philippines"},"geometry":{"type":"Point","coordinates":[124.0847,12.5853]}},{"type":"Feature","properties":{"name":"Amanzimtoti, South Africa"},"geometry":{"type":"Point","coordinates":[30.8804,-30.0577]}},{"type":"Feature","properties":{"name":"Mtwapa, Kenya"},"geometry":{"type":"Point","coordinates":[39.7451,-3.9461]}},{"type":"Feature","properties":{"name":"Kökar, Finland"},"geometry":{"type":"Point","coordinates":[20.908,59.921]}},{"type":"Feature","properties":{"name":"Collo, Algeria"},"geometry":{"type":"Point","coordinates":[6.5572,37.003]}},{"type":"Feature","properties":{"name":"Zahara de los Atunes, Spain"},"geometry":{"type":"Point","coordinates":[-5.8438,36.1348]}},{"type":"Feature","properties":{"name":"Nador, Morocco"},"geometry":{"type":"Point","coordinates":[-2.933,35.17]}},{"type":"Feature","properties":{"name":"Cape Town, South Africa"},"geometry":{"type":"Point","coordinates":[18.422,-33.9191]}},{"type":"Feature","properties":{"name":"Palm Bay, FL, United States"},"geometry":{"type":"Point","coordinates":[-80.5901,28.0338]}}]}
